{"commitInfo":{"timestamp":1623091865155,"userId":"7530379717510350","userName":"traun.leyden@databricks.com","operation":"CREATE OR REPLACE TABLE AS SELECT","operationParameters":{"isManaged":"true","description":null,"partitionBy":"[]","properties":"{}"},"notebook":{"notebookId":"187539107477049"},"clusterId":"0602-001827-stead1","isolationLevel":"WriteSerializable","isBlindAppend":false,"operationMetrics":{"numFiles":"6","numOutputBytes":"544352","numOutputRows":"21932"}}}
{"protocol":{"minReaderVersion":1,"minWriterVersion":2}}
{"metaData":{"id":"709a6ba9-937c-4838-b32b-5fa62582cf35","format":{"provider":"parquet","options":{}},"schemaString":"{\"type\":\"struct\",\"fields\":[{\"name\":\"tpep_pickup_datetime\",\"type\":\"timestamp\",\"nullable\":true,\"metadata\":{}},{\"name\":\"tpep_dropoff_datetime\",\"type\":\"timestamp\",\"nullable\":true,\"metadata\":{}},{\"name\":\"trip_distance\",\"type\":\"double\",\"nullable\":true,\"metadata\":{}},{\"name\":\"fare_amount\",\"type\":\"double\",\"nullable\":true,\"metadata\":{}},{\"name\":\"pickup_zip\",\"type\":\"integer\",\"nullable\":true,\"metadata\":{}},{\"name\":\"dropoff_zip\",\"type\":\"integer\",\"nullable\":true,\"metadata\":{}}]}","partitionColumns":[],"configuration":{},"createdTime":1623091458961}}
{"add":{"path":"part-00000-80b68cae-ce6a-41cf-87cd-2573d91b4c07-c000.snappy.parquet","partitionValues":{},"size":90261,"modificationTime":1623091768000,"dataChange":true,"stats":"{\"numRecords\":3655,\"minValues\":{\"tpep_pickup_datetime\":\"2016-01-01T00:15:46.000Z\",\"tpep_dropoff_datetime\":\"2016-01-01T00:23:57.000Z\",\"trip_distance\":0.0,\"fare_amount\":-4.5,\"pickup_zip\":7114,\"dropoff_zip\":7114},\"maxValues\":{\"tpep_pickup_datetime\":\"2016-02-29T23:51:20.000Z\",\"tpep_dropoff_datetime\":\"2016-02-29T23:57:41.000Z\",\"trip_distance\":22.1,\"fare_amount\":105.0,\"pickup_zip\":11436,\"dropoff_zip\":11436},\"nullCount\":{\"tpep_pickup_datetime\":0,\"tpep_dropoff_datetime\":0,\"trip_distance\":0,\"fare_amount\":0,\"pickup_zip\":0,\"dropoff_zip\":0}}"}}
{"add":{"path":"part-00001-c883942d-366f-478a-be3b-f13fd4bee0ab-c000.snappy.parquet","partitionValues":{},"size":90986,"modificationTime":1623091766000,"dataChange":true,"stats":"{\"numRecords\":3656,\"minValues\":{\"tpep_pickup_datetime\":\"2016-01-01T00:04:30.000Z\",\"tpep_dropoff_datetime\":\"2016-01-01T00:07:42.000Z\",\"trip_distance\":0.0,\"fare_amount\":0.0,\"pickup_zip\":10001,\"dropoff_zip\":7030},\"maxValues\":{\"tpep_pickup_datetime\":\"2016-02-29T23:33:22.000Z\",\"tpep_dropoff_datetime\":\"2016-02-29T23:49:57.000Z\",\"trip_distance\":23.1,\"fare_amount\":115.0,\"pickup_zip\":11435,\"dropoff_zip\":11598},\"nullCount\":{\"tpep_pickup_datetime\":0,\"tpep_dropoff_datetime\":0,\"trip_distance\":0,\"fare_amount\":0,\"pickup_zip\":0,\"dropoff_zip\":0}}"}}
{"add":{"path":"part-00002-bbf9fd81-4b3a-46f3-943e-841b48ae743e-c000.snappy.parquet","partitionValues":{},"size":90740,"modificationTime":1623091815000,"dataChange":true,"stats":"{\"numRecords\":3655,\"minValues\":{\"tpep_pickup_datetime\":\"2016-01-01T00:11:29.000Z\",\"tpep_dropoff_datetime\":\"2016-01-01T00:16:23.000Z\",\"trip_distance\":0.0,\"fare_amount\":-4.0,\"pickup_zip\":7002,\"dropoff_zip\":7002},\"maxValues\":{\"tpep_pickup_datetime\":\"2016-02-29T23:23:16.000Z\",\"tpep_dropoff_datetime\":\"2016-02-29T23:26:03.000Z\",\"trip_distance\":25.55,\"fare_amount\":105.0,\"pickup_zip\":11436,\"dropoff_zip\":11436},\"nullCount\":{\"tpep_pickup_datetime\":0,\"tpep_dropoff_datetime\":0,\"trip_distance\":0,\"fare_amount\":0,\"pickup_zip\":0,\"dropoff_zip\":0}}"}}
{"add":{"path":"part-00003-3d80435e-15f8-4154-92c7-515307e41c1b-c000.snappy.parquet","partitionValues":{},"size":90840,"modificationTime":1623091816000,"dataChange":true,"stats":"{\"numRecords\":3655,\"minValues\":{\"tpep_pickup_datetime\":\"2016-01-01T00:36:25.000Z\",\"tpep_dropoff_datetime\":\"2016-01-01T00:43:54.000Z\",\"trip_distance\":0.0,\"fare_amount\":-3.0,\"pickup_zip\":7086,\"dropoff_zip\":7024},\"maxValues\":{\"tpep_pickup_datetime\":\"2016-02-29T23:50:27.000Z\",\"tpep_dropoff_datetime\":\"2016-02-29T23:54:25.000Z\",\"trip_distance\":25.46,\"fare_amount\":130.0,\"pickup_zip\":11436,\"dropoff_zip\":11694},\"nullCount\":{\"tpep_pickup_datetime\":0,\"tpep_dropoff_datetime\":0,\"trip_distance\":0,\"fare_amount\":0,\"pickup_zip\":0,\"dropoff_zip\":0}}"}}
{"add":{"path":"part-00004-0b996b45-a3ff-4339-afeb-8fc691770056-c000.snappy.parquet","partitionValues":{},"size":90818,"modificationTime":1623091864000,"dataChange":true,"stats":"{\"numRecords\":3656,\"minValues\":{\"tpep_pickup_datetime\":\"2016-01-01T00:15:57.000Z\",\"tpep_dropoff_datetime\":\"2016-01-01T00:25:32.000Z\",\"trip_distance\":0.0,\"fare_amount\":-8.0,\"pickup_zip\":7002,\"dropoff_zip\":7002},\"maxValues\":{\"tpep_pickup_datetime\":\"2016-02-29T23:21:34.000Z\",\"tpep_dropoff_datetime\":\"2016-02-29T23:39:52.000Z\",\"trip_distance\":26.3,\"fare_amount\":94.5,\"pickup_zip\":11436,\"dropoff_zip\":11691},\"nullCount\":{\"tpep_pickup_datetime\":0,\"tpep_dropoff_datetime\":0,\"trip_distance\":0,\"fare_amount\":0,\"pickup_zip\":0,\"dropoff_zip\":0}}"}}
{"add":{"path":"part-00005-ec9ab51b-23a3-4333-8d42-1730df56bfb6-c000.snappy.parquet","partitionValues":{},"size":90707,"modificationTime":1623091865000,"dataChange":true,"stats":"{\"numRecords\":3655,\"minValues\":{\"tpep_pickup_datetime\":\"2016-01-01T00:35:19.000Z\",\"tpep_dropoff_datetime\":\"2016-01-01T00:57:22.000Z\",\"trip_distance\":0.0,\"fare_amount\":2.5,\"pickup_zip\":7974,\"dropoff_zip\":7008},\"maxValues\":{\"tpep_pickup_datetime\":\"2016-02-29T23:51:06.000Z\",\"tpep_dropoff_datetime\":\"2016-02-29T23:59:38.000Z\",\"trip_distance\":30.6,\"fare_amount\":275.0,\"pickup_zip\":11436,\"dropoff_zip\":11435},\"nullCount\":{\"tpep_pickup_datetime\":0,\"tpep_dropoff_datetime\":0,\"trip_distance\":0,\"fare_amount\":0,\"pickup_zip\":0,\"dropoff_zip\":0}}"}}
