{"commitInfo":{"timestamp":1684431927324,"operation":"STREAMING UPDATE","operationParameters":{"outputMode":"Append","queryId":"c93ab634-0d24-49c5-af92-085d5c859f48","epochId":"0"},"readVersion":0,"isolationLevel":"WriteSerializable","isBlindAppend":true,"operationMetrics":{"numRemovedFiles":"0","numOutputRows":"42","numOutputBytes":"6646","numAddedFiles":"1"},"engineInfo":"Databricks-Runtime/dlt:11.3-delta-pipelines-7194109-80beb56-b6701c8-custom-local","txnId":"ea41e1e0-f0a8-4b43-bf89-2ec8af0bb00a"}}
{"txn":{"appId":"c93ab634-0d24-49c5-af92-085d5c859f48","version":0,"lastUpdated":1684431927323}}
{"add":{"path":"part-00000-04178258-3026-4ad7-984c-96b954e3dc52-c000.snappy.parquet","partitionValues":{},"size":6646,"modificationTime":1684431928000,"dataChange":true,"stats":"{\"numRecords\":42,\"minValues\":{\"user_id\":12140,\"timestamp\":1.55553958E9,\"dob\":\"01/04/1979\",\"sex\":\"F\",\"gender\":\"F\",\"first_name\":\"Adrian\",\"last_name\":\"Allen\",\"address\":{\"street_address\":\"009 William Trace\",\"city\":\"Altadena\",\"state\":\"CA\",\"zip\":90009},\"update_type\":\"new\"},\"maxValues\":{\"user_id\":49296,\"timestamp\":1.57522317E9,\"dob\":\"12/13/1933\",\"sex\":\"M\",\"gender\":\"O\",\"first_name\":\"William\",\"last_name\":\"Williams\",\"address\":{\"street_address\":\"973 Norman Mountain Apt. 290\",\"city\":\"Woodland Hills\",\"state\":\"CA\",\"zip\":93563},\"update_type\":\"new\"},\"nullCount\":{\"user_id\":0,\"timestamp\":0,\"dob\":0,\"sex\":0,\"gender\":0,\"first_name\":0,\"last_name\":0,\"address\":{\"street_address\":0,\"city\":0,\"state\":0,\"zip\":0},\"update_type\":0}}","tags":{"INSERTION_TIME":"1684431928000000","MIN_INSERTION_TIME":"1684431928000000","MAX_INSERTION_TIME":"1684431928000000","OPTIMIZE_TARGET_SIZE":"268435456"}}}
