{"commitInfo":{"timestamp":1684431862184,"operation":"DLT SETUP","operationParameters":{"pipelineId":"5d9b37ff-07fb-457c-8744-cbdda52bd0ce","updateId":"fdca915c-f71d-416f-ae6b-887ea5263217"},"isolationLevel":"WriteSerializable","isBlindAppend":false,"operationMetrics":{},"engineInfo":"Databricks-Runtime/dlt:11.3-delta-pipelines-7194109-80beb56-b6701c8-custom-local","txnId":"dd19604d-2ab5-45ec-aa43-bdd1f437eca2"}}
{"protocol":{"minReaderVersion":1,"minWriterVersion":2}}
{"metaData":{"id":"0a817a1e-5cc0-48c6-ad71-9ab57977d45f","name":"users_cdc_bronze","description":"Parsed streaming data for bronze user_info records","format":{"provider":"parquet","options":{}},"schemaString":"{\"type\":\"struct\",\"fields\":[{\"name\":\"user_id\",\"type\":\"long\",\"nullable\":true,\"metadata\":{}},{\"name\":\"timestamp\",\"type\":\"float\",\"nullable\":true,\"metadata\":{}},{\"name\":\"dob\",\"type\":\"string\",\"nullable\":true,\"metadata\":{}},{\"name\":\"sex\",\"type\":\"string\",\"nullable\":true,\"metadata\":{}},{\"name\":\"gender\",\"type\":\"string\",\"nullable\":true,\"metadata\":{}},{\"name\":\"first_name\",\"type\":\"string\",\"nullable\":true,\"metadata\":{}},{\"name\":\"last_name\",\"type\":\"string\",\"nullable\":true,\"metadata\":{}},{\"name\":\"address\",\"type\":{\"type\":\"struct\",\"fields\":[{\"name\":\"street_address\",\"type\":\"string\",\"nullable\":true,\"metadata\":{}},{\"name\":\"city\",\"type\":\"string\",\"nullable\":true,\"metadata\":{}},{\"name\":\"state\",\"type\":\"string\",\"nullable\":true,\"metadata\":{}},{\"name\":\"zip\",\"type\":\"integer\",\"nullable\":true,\"metadata\":{}}]},\"nullable\":true,\"metadata\":{}},{\"name\":\"update_type\",\"type\":\"string\",\"nullable\":true,\"metadata\":{}}]}","partitionColumns":[],"configuration":{"quality":"bronze","pipelines.metastore.tableName":"`juno_kzf6_da_delp_prod`.`users_cdc_bronze`","pipelines.pipelineId":"5d9b37ff-07fb-457c-8744-cbdda52bd0ce"},"createdTime":1684431861995}}
