{"commitInfo":{"timestamp":1684432169000,"operation":"STREAMING UPDATE","operationParameters":{"outputMode":"Append","queryId":"c93ab634-0d24-49c5-af92-085d5c859f48","epochId":"1"},"readVersion":1,"isolationLevel":"WriteSerializable","isBlindAppend":true,"operationMetrics":{"numRemovedFiles":"0","numOutputRows":"77","numOutputBytes":"8713","numAddedFiles":"1"},"engineInfo":"Databricks-Runtime/dlt:11.3-delta-pipelines-7194109-80beb56-b6701c8-custom-local","txnId":"91ff4e16-4f7d-4291-95b7-1b02cd63fa84"}}
{"txn":{"appId":"c93ab634-0d24-49c5-af92-085d5c859f48","version":1,"lastUpdated":1684432169000}}
{"add":{"path":"part-00000-3dba35c7-94fb-4c03-bd7b-1e897cc14f49-c000.snappy.parquet","partitionValues":{},"size":8713,"modificationTime":1684432169000,"dataChange":true,"stats":"{\"numRecords\":77,\"minValues\":{\"user_id\":11745,\"timestamp\":1.57526477E9,\"dob\":\"01/02/1992\",\"sex\":\"F\",\"gender\":\"F\",\"first_name\":\"Amanda\",\"last_name\":\"Aguilar\",\"address\":{\"street_address\":\"000 Huber Extension Apt. 632\",\"city\":\"Alhambra\",\"state\":\"CA\",\"zip\":90010},\"update_type\":\"delete\"},\"maxValues\":{\"user_id\":49835,\"timestamp\":1.5765143E9,\"dob\":\"12/23/1951\",\"sex\":\"M\",\"gender\":\"O\",\"first_name\":\"William\",\"last_name\":\"Wright\",\"address\":{\"street_address\":\"993 Smith Mountain Apt. 056\",\"city\":\"Yorba Linda\",\"state\":\"CA\",\"zip\":93560},\"update_type\":\"update\"},\"nullCount\":{\"user_id\":0,\"timestamp\":0,\"dob\":6,\"sex\":6,\"gender\":6,\"first_name\":6,\"last_name\":6,\"address\":{\"street_address\":6,\"city\":6,\"state\":6,\"zip\":6},\"update_type\":0}}","tags":{"INSERTION_TIME":"1684432169000000","MIN_INSERTION_TIME":"1684432169000000","MAX_INSERTION_TIME":"1684432169000000","OPTIMIZE_TARGET_SIZE":"268435456"}}}
