{"protocol":{"minReaderVersion":1,"minWriterVersion":2}}
{"metaData":{"id":"b0f5d8b4-1060-4d5f-ae7e-88f98fdd453a","format":{"provider":"parquet","options":{}},"schemaString":"{\"type\":\"struct\",\"fields\":[{\"name\":\"device\",\"type\":\"string\",\"nullable\":true,\"metadata\":{}},{\"name\":\"ecommerce\",\"type\":{\"type\":\"struct\",\"fields\":[{\"name\":\"purchase_revenue_in_usd\",\"type\":\"double\",\"nullable\":true,\"metadata\":{}},{\"name\":\"total_item_quantity\",\"type\":\"long\",\"nullable\":true,\"metadata\":{}},{\"name\":\"unique_items\",\"type\":\"long\",\"nullable\":true,\"metadata\":{}}]},\"nullable\":true,\"metadata\":{}},{\"name\":\"event_name\",\"type\":\"string\",\"nullable\":true,\"metadata\":{}},{\"name\":\"event_previous_timestamp\",\"type\":\"long\",\"nullable\":true,\"metadata\":{}},{\"name\":\"event_timestamp\",\"type\":\"long\",\"nullable\":true,\"metadata\":{}},{\"name\":\"geo\",\"type\":{\"type\":\"struct\",\"fields\":[{\"name\":\"city\",\"type\":\"string\",\"nullable\":true,\"metadata\":{}},{\"name\":\"state\",\"type\":\"string\",\"nullable\":true,\"metadata\":{}}]},\"nullable\":true,\"metadata\":{}},{\"name\":\"items\",\"type\":{\"type\":\"array\",\"elementType\":{\"type\":\"struct\",\"fields\":[{\"name\":\"coupon\",\"type\":\"string\",\"nullable\":true,\"metadata\":{}},{\"name\":\"item_id\",\"type\":\"string\",\"nullable\":true,\"metadata\":{}},{\"name\":\"item_name\",\"type\":\"string\",\"nullable\":true,\"metadata\":{}},{\"name\":\"item_revenue_in_usd\",\"type\":\"double\",\"nullable\":true,\"metadata\":{}},{\"name\":\"price_in_usd\",\"type\":\"double\",\"nullable\":true,\"metadata\":{}},{\"name\":\"quantity\",\"type\":\"long\",\"nullable\":true,\"metadata\":{}}]},\"containsNull\":true},\"nullable\":true,\"metadata\":{}},{\"name\":\"traffic_source\",\"type\":\"string\",\"nullable\":true,\"metadata\":{}},{\"name\":\"user_first_touch_timestamp\",\"type\":\"long\",\"nullable\":true,\"metadata\":{}},{\"name\":\"user_id\",\"type\":\"string\",\"nullable\":true,\"metadata\":{}}]}","partitionColumns":[],"configuration":{},"createdTime":1643640583105}}
{"add":{"path":"part-00000-6841f2e7-d92f-406b-abbf-f9110aec7e14-c000.snappy.parquet","partitionValues":{},"size":15001795,"modificationTime":1643640587000,"dataChange":true,"stats":"{\"numRecords\":485824,\"minValues\":{\"device\":\"Android\",\"ecommerce\":{\"purchase_revenue_in_usd\":53.1,\"total_item_quantity\":1,\"unique_items\":1},\"event_name\":\"add_item\",\"event_previous_timestamp\":1592205687627986,\"event_timestamp\":1592539212858607,\"geo\":{\"city\":\"Abbeville\",\"state\":\"AK\"},\"traffic_source\":\"direct\",\"user_first_touch_timestamp\":1592205125802184,\"user_id\":\"UA000000102359929\"},\"maxValues\":{\"device\":\"macOS\",\"ecommerce\":{\"purchase_revenue_in_usd\":4351.5,\"total_item_quantity\":4,\"unique_items\":4},\"event_name\":\"warranty\",\"event_previous_timestamp\":1593881054095386,\"event_timestamp\":1593881077474788,\"geo\":{\"city\":\"Zion\",\"state\":\"WY\"},\"traffic_source\":\"youtube\",\"user_first_touch_timestamp\":1593881061984565,\"user_id\":\"UA000000107399755\"},\"nullCount\":{\"device\":0,\"ecommerce\":{\"purchase_revenue_in_usd\":476762,\"total_item_quantity\":476762,\"unique_items\":476762},\"event_name\":0,\"event_previous_timestamp\":203826,\"event_timestamp\":0,\"geo\":{\"city\":0,\"state\":0},\"items\":0,\"traffic_source\":0,\"user_first_touch_timestamp\":0,\"user_id\":0}}","tags":{"INSERTION_TIME":"1643640587000000","OPTIMIZE_TARGET_SIZE":"268435456"}}}
{"commitInfo":{"timestamp":1643640587238,"userId":"7249111304615626","userName":"juno.lee@databricks.com","operation":"CREATE OR REPLACE TABLE AS SELECT","operationParameters":{"isManaged":"true","description":null,"partitionBy":"[]","properties":"{}"},"notebook":{"notebookId":"2882993742236211"},"clusterId":"0128-200635-4psib3qu","isolationLevel":"WriteSerializable","isBlindAppend":false,"operationMetrics":{"numFiles":"1","numOutputRows":"485824","numOutputBytes":"15001795"},"engineInfo":"Databricks-Runtime/10.2.x-scala2.12"}}
