[{"name":"Jacob Richardson","email":"uoneal@example.com","address":"846 William Hills","city":"Denver","state":"CO","zip_code":"77742","operation":"NEW","timestamp":1641361818,"customer_id":24035},{"name":"Travis Lewis","email":"ireeves@example.net","address":"109 Allison Course","city":"Los Angeles","state":"CA","zip_code":"00843","operation":"NEW","timestamp":1641368495,"customer_id":24036},{"name":"Crystal Soto","email":"mary01@example.net","address":"8808 Smith Knolls","city":"New York","state":"NY","zip_code":"67495","operation":"NEW","timestamp":1641373270,"customer_id":24037},{"name":"Timothy Smith","email":"obryant@example.com","address":"2708 Monique Crossing","city":"St. Joseph","state":"MO","zip_code":"21567","operation":"NEW","timestamp":1641354672,"customer_id":24038},{"name":"Christina Bailey","email":"mariasantiago@example.com","address":"314 Jill Tunnel Suite 258","city":"Shoreline","state":"WA","zip_code":"87811","operation":"NEW","timestamp":1641405605,"customer_id":24039},{"name":"Jennifer Webb","email":"sharon61@example.org","address":"7037 Cochran Grove Apt. 678","city":"Salina","state":"KS","zip_code":"89340","operation":"NEW","timestamp":1641347485,"customer_id":24040},{"name":"Thomas Coleman","email":"mollycharles@example.net","address":"042 Tyler Vista Apt. 005","city":"Powell","state":"OH","zip_code":"12716","operation":"NEW","timestamp":1641382077,"customer_id":24041},{"name":"Glenda Crawford","email":"mauricegaines@example.com","address":"144 Rocha Course","city":"New York","state":"NY","zip_code":"59350","operation":"NEW","timestamp":1641405689,"customer_id":24042},{"name":"Michelle Gardner","email":"aedwards@example.com","address":"4498 Ashley Forges","city":"Oakland","state":"CA","zip_code":"46654","operation":"NEW","timestamp":1641418704,"customer_id":24043},{"name":"Amanda Lynch","email":"acalderon@example.org","address":"124 Regina Skyway","city":"Fresno","state":"CA","zip_code":"49527","operation":"UPDATE","timestamp":1641362927,"customer_id":23493},{"name":"Andrew Wilcox","email":"murphysara@example.com","address":"146 Hill Pines Suite 937","city":"Alexandria","state":"LA","zip_code":"46606","operation":"UPDATE","timestamp":1641366576,"customer_id":23263},{"name":"Julie Tucker","email":"heather01@example.org","address":"37051 Hunt Ramp Apt. 959","city":"Los Angeles","state":"CA","zip_code":"26047","operation":"UPDATE","timestamp":1641355101,"customer_id":23573},{"name":"Kevin Santiago","email":"kingcharles@example.net","address":"3860 Wang Mills Apt. 079","city":"Springfield","state":"IL","zip_code":"72294","operation":"UPDATE","timestamp":1641362536,"customer_id":23387},{"name":"Kimberly Blake","email":"delacruzallison@example.org","address":"02498 Mark Junctions Suite 273","city":"Detroit","state":"MI","zip_code":"76746","operation":"UPDATE","timestamp":1641378276,"customer_id":23769},{"name":"Caitlin Day","email":"kristen17@example.net","address":"52515 Jerry Fort","city":"Norfolk","state":"VA","zip_code":"33467","operation":"UPDATE","timestamp":1641344932,"customer_id":22444},{"name":"Jessica Crane","email":"webstercatherine@example.net","address":"75511 Carter Trail","city":"Edgewater","state":"FL","zip_code":"38387","operation":"UPDATE","timestamp":1641400877,"customer_id":23818},{"name":null,"email":null,"address":null,"city":null,"state":null,"zip_code":null,"operation":"DELETE","timestamp":1641423324,"customer_id":23812}]