[{"name":"Joe Mullins","email":"heidihoffman@example.net","address":"5652 Duran Courts","city":"Tipp City","state":"OH","zip_code":"14203","operation":"NEW","timestamp":1641475460,"customer_id":24044},{"name":"Christopher Preston","email":"manningcarrie@example.com","address":"8075 Thompson Stravenue","city":"Hot Springs","state":"AR","zip_code":"25232","operation":"NEW","timestamp":1641450505,"customer_id":24045},{"name":"Michele Braun","email":"johnhunt@example.com","address":"02443 Nicole Plaza Suite 502","city":"Minneapolis","state":"MN","zip_code":"33315","operation":"NEW","timestamp":1641481752,"customer_id":24046},{"name":"Emma Smith","email":"vbarr@example.com","address":"694 Clark Village","city":"Washington","state":"DC","zip_code":"85732","operation":"NEW","timestamp":1641439636,"customer_id":24047},{"name":"Hannah Griffin","email":"uhernandez@example.org","address":"577 Jones Mill Suite 440","city":"Jacksonville","state":"FL","zip_code":"25321","operation":"NEW","timestamp":1641437423,"customer_id":24048},{"name":"Virginia Rose","email":"zhaynes@example.net","address":"818 Romero Skyway Suite 034","city":"Lima","state":"OH","zip_code":"42124","operation":"NEW","timestamp":1641497548,"customer_id":24049},{"name":"Kathy Austin","email":"xmartinez@example.org","address":"678 Jeremy Garden Apt. 233","city":"Napa","state":"CA","zip_code":"20894","operation":"NEW","timestamp":1641507229,"customer_id":24050},{"name":"Paul Glenn","email":"olong@example.org","address":"2373 Lopez Isle","city":"Murfreesboro","state":"TN","zip_code":"88540","operation":"NEW","timestamp":1641505228,"customer_id":24051},{"name":"Susan Burch","email":"johnsondavid@example.com","address":"95761 Mitchell Port","city":"Maple Valley","state":"WA","zip_code":"79846","operation":"UPDATE","timestamp":1641444334,"customer_id":24024},{"name":"James Deleon","email":"vdudley@example.org","address":"569 Richard Key Apt. 301","city":"Tifton","state":"GA","zip_code":"98120","operation":"UPDATE","timestamp":1641482574,"customer_id":22705},{"name":"Colleen Boyd","email":"changdenise@example.org","address":"9557 Amy Fall Suite 341","city":"Van Wert","state":"OH","zip_code":"88067","operation":"UPDATE","timestamp":1641463542,"customer_id":23213},{"name":"Martin Townsend","email":"rhonda87@example.net","address":"508 Andrew Camp Apt. 831","city":"Lansing","state":"MI","zip_code":"75059","operation":"UPDATE","timestamp":1641504429,"customer_id":23941},{"name":"David Williams","email":"sethstafford@example.com","address":"277 Chris Pine","city":"Thomasville","state":"NC","zip_code":"12160","operation":"UPDATE","timestamp":1641498827,"customer_id":23328},{"name":null,"email":null,"address":null,"city":null,"state":null,"zip_code":null,"operation":"DELETE","timestamp":1641502140,"customer_id":23121}]