[{"name":"Justin Ross","email":"andersonjennifer@example.net","address":"942 John Lights","city":"Lexington","state":"TN","zip_code":"54108","operation":"NEW","timestamp":1641695852,"customer_id":24070},{"name":"Timothy Wilson","email":"jessicastark@example.com","address":"5994 Sonia Overpass Suite 656","city":"Romney","state":"WV","zip_code":"38731","operation":"NEW","timestamp":1641745188,"customer_id":24071},{"name":"Gabrielle Gray","email":"whitedustin@example.org","address":"2026 Jones Underpass Suite 432","city":"Norco","state":"CA","zip_code":"94542","operation":"NEW","timestamp":1641764261,"customer_id":24072},{"name":"Brandon Edwards","email":"rita44@example.com","address":"04821 Christian Trace","city":"Hilliard","state":"OH","zip_code":"33408","operation":"NEW","timestamp":1641731962,"customer_id":24073},{"name":"Lisa Bennett","email":"hunttracey@example.net","address":"824 Patterson Way Suite 896","city":"Madrid","state":"IA","zip_code":"40591","operation":"NEW","timestamp":1641708149,"customer_id":24074},{"name":"Rebecca Ware","email":"diazsandra@example.com","address":"7846 Lewis Shores Apt. 453","city":"Everett","state":"WA","zip_code":"01580","operation":"NEW","timestamp":1641731031,"customer_id":24075},{"name":"Samantha Waters","email":"ericsnow@example.net","address":"97638 Jason Ridges Apt. 117","city":"Palmdale","state":"CA","zip_code":"08112","operation":"NEW","timestamp":1641747373,"customer_id":24076},{"name":"Alan Roberts","email":"petersonjohn@example.org","address":"76082 Christina Passage Apt. 524","city":"Grand Rapids","state":"MN","zip_code":"03692","operation":"NEW","timestamp":1641708289,"customer_id":24077},{"name":"Michael Woodard","email":"joshua11@example.net","address":"11875 Lopez Crossing Apt. 056","city":"San Francisco","state":"CA","zip_code":"03138","operation":"NEW","timestamp":1641698806,"customer_id":24078},{"name":"Gary Jones","email":"trevor43@example.net","address":"41142 Reynolds Loaf","city":"Lewiston","state":"ID","zip_code":"60629","operation":"UPDATE","timestamp":1641700660,"customer_id":23694},{"name":"Jill Adams MD","email":"april13@example.net","address":"9336 Turner Island","city":"Long Beach","state":"CA","zip_code":"43224","operation":"UPDATE","timestamp":1641693805,"customer_id":23974},{"name":"Emily Fleming","email":"hannah13@example.org","address":"11901 Smith Summit","city":"Miami Beach","state":"FL","zip_code":"22107","operation":"UPDATE","timestamp":1641746512,"customer_id":23643},{"name":"Aaron Johnson","email":"lestephanie@example.net","address":"20748 Lawrence Springs","city":"Philomath","state":"OR","zip_code":"25775","operation":"UPDATE","timestamp":1641720474,"customer_id":23799},{"name":"Devin Monroe","email":"williamsryan@example.com","address":"895 Wilson Summit Suite 413","city":"Springfield","state":"OH","zip_code":"58420","operation":"UPDATE","timestamp":1641766787,"customer_id":23075},{"name":"Austin Hutchinson","email":"jacksonbruce@example.org","address":"9614 Nicholas Green","city":"Gardena","state":"CA","zip_code":"77935","operation":"UPDATE","timestamp":1641724172,"customer_id":23028},{"name":"Harold Medina","email":"clarkanthony@example.com","address":"3708 Hunt Spring","city":"Campbell","state":"CA","zip_code":"39807","operation":"UPDATE","timestamp":1641713350,"customer_id":23453},{"name":"Tony Sullivan","email":"liumichael@example.org","address":"619 Braun Rapids Apt. 904","city":"Monroe","state":"WI","zip_code":"10345","operation":"UPDATE","timestamp":1641707048,"customer_id":23138},{"name":null,"email":null,"address":null,"city":null,"state":null,"zip_code":null,"operation":"DELETE","timestamp":1641712703,"customer_id":22195},{"name":null,"email":null,"address":null,"city":null,"state":null,"zip_code":null,"operation":"DELETE","timestamp":1641756509,"customer_id":23119}]