[{"name":"Jennifer Wright","email":"hunterbrittany@example.net","address":"363 Bonnie Parks Apt. 789","city":"Lakewood","state":"CO","zip_code":"48003","operation":"NEW","timestamp":1642038752,"customer_id":24110},{"name":"Michael Mccarty","email":"shawandrew@example.net","address":"6236 Lewis Parks","city":"Perth Amboy","state":"NJ","zip_code":"78466","operation":"NEW","timestamp":1642109120,"customer_id":24111},{"name":"Nicholas Walsh","email":"jameseduardo@example.org","address":"8571 Flores Prairie Apt. 350","city":"Tampa","state":"FL","zip_code":"77593","operation":"NEW","timestamp":1642114645,"customer_id":24112},{"name":"Sheila Perez","email":"yruiz@example.net","address":"590 Park Lane","city":"Shasta Lake","state":"CA","zip_code":"21392","operation":"NEW","timestamp":1642074437,"customer_id":24113},{"name":"Lisa Simmons","email":"ashley57@example.com","address":"204 Bailey Fork Apt. 881","city":"New York","state":"NY","zip_code":"78647","operation":"NEW","timestamp":1642040192,"customer_id":24114},{"name":"Laura Bailey","email":"wrightjessica@example.org","address":"17410 Carol Throughway","city":"Somerville","state":"MA","zip_code":"65968","operation":"NEW","timestamp":1642056490,"customer_id":24115},{"name":"Kelly Lucas","email":"rebekah63@example.net","address":"63236 Allen Groves Suite 892","city":"Loma Linda","state":"CA","zip_code":"84844","operation":"NEW","timestamp":1642048251,"customer_id":24116},{"name":"Eddie Valdez","email":"beckeryvonne@example.net","address":"593 Dana Estate Suite 868","city":"Chicago","state":"IL","zip_code":"95481","operation":"NEW","timestamp":1642066675,"customer_id":24117},{"name":"Sharon Mcpherson","email":"mooremichael@example.org","address":"2349 Moore Squares Apt. 757","city":"Pasco","state":"WA","zip_code":"20425","operation":"NEW","timestamp":1642076266,"customer_id":24118},{"name":"Courtney Schwartz","email":"michaelbush@example.net","address":"198 Lopez Mission","city":"Post Falls","state":"ID","zip_code":"73630","operation":"NEW","timestamp":1642039585,"customer_id":24119},{"name":"Gregory Johnson","email":"sotoangela@example.org","address":"03277 Hale Land","city":"Opelika","state":"AL","zip_code":"69572","operation":"UPDATE","timestamp":1642036407,"customer_id":23187},{"name":"Bailey Page","email":"jeanneortega@example.com","address":"660 John Highway","city":"Bellmead","state":"TX","zip_code":"63088","operation":"UPDATE","timestamp":1642042822,"customer_id":23894},{"name":"Gregory Levy","email":"rachelconner@example.net","address":"224 Juarez Meadow","city":"Portsmouth","state":"VA","zip_code":"04100","operation":"UPDATE","timestamp":1642088983,"customer_id":23233},{"name":"Austin Hurst","email":"kevinsmith@example.com","address":"283 Brian Vista","city":"Philadelphia","state":"PA","zip_code":"16814","operation":"UPDATE","timestamp":1642112804,"customer_id":23785},{"name":null,"email":null,"address":null,"city":null,"state":null,"zip_code":null,"operation":"DELETE","timestamp":1642096892,"customer_id":23672},{"name":null,"email":null,"address":null,"city":null,"state":null,"zip_code":null,"operation":"DELETE","timestamp":1642070361,"customer_id":23972}]