[{"name":"Jonathan Bass","email":"ortegachristopher@example.com","address":"976 Thomas Row Apt. 209","city":"Miami","state":"FL","zip_code":"08958","operation":"NEW","timestamp":1642190934,"customer_id":24120},{"name":"Victoria Hamilton","email":"brianbarker@example.net","address":"01501 Shannon Extensions Apt. 807","city":"Simi Valley","state":"CA","zip_code":"90251","operation":"NEW","timestamp":1642164394,"customer_id":24121},{"name":"Cody Roberts MD","email":"tonyaroberts@example.org","address":"494 Robinson Isle","city":"Coweta","state":"OK","zip_code":"30081","operation":"NEW","timestamp":1642190700,"customer_id":24122},{"name":"Mrs. Molly Thomas","email":"nicholasstewart@example.net","address":"466 Jenna Turnpike","city":"Mauldin","state":"SC","zip_code":"99860","operation":"NEW","timestamp":1642145025,"customer_id":24123},{"name":"Casey Webb","email":"cookdana@example.net","address":"510 Lewis Junction","city":"Batavia","state":"IL","zip_code":"55595","operation":"NEW","timestamp":1642198479,"customer_id":24124},{"name":"Emma Martinez","email":"robertsrobert@example.org","address":"3248 Haynes Forges","city":"Billings","state":"MT","zip_code":"10319","operation":"NEW","timestamp":1642146139,"customer_id":24125},{"name":"Alexander Patel","email":"transarah@example.com","address":"74329 Marcia Cliffs Suite 778","city":"Warr Acres","state":"OK","zip_code":"09642","operation":"NEW","timestamp":1642122278,"customer_id":24126},{"name":"Rachel Hughes","email":"williamwarren@example.com","address":"521 Jennings Springs","city":"Atlanta","state":"GA","zip_code":"32864","operation":"NEW","timestamp":1642186641,"customer_id":24127},{"name":"David Kirk","email":"xhernandez@example.org","address":"780 Brittany Extensions","city":"Norfolk","state":"NE","zip_code":"38840","operation":"NEW","timestamp":1642152648,"customer_id":24128},{"name":"Logan Randolph","email":"barnesstephanie@example.net","address":"13602 Lopez Mountain","city":"Bay Village","state":"OH","zip_code":"30433","operation":"NEW","timestamp":1642138294,"customer_id":24129},{"name":"Taylor Kent","email":"erikaward@example.net","address":"186 Graham Crescent Suite 596","city":"Painesville","state":"OH","zip_code":"15070","operation":"UPDATE","timestamp":1642200951,"customer_id":23764},{"name":"Patty Stone","email":"nicholasalvarez@example.com","address":"415 Victoria Corners Apt. 341","city":"Rapid City","state":"SD","zip_code":"23478","operation":"UPDATE","timestamp":1642193166,"customer_id":23987},{"name":"Jeffrey Lopez","email":"aware@example.net","address":"130 Joseph Parkway Suite 971","city":"Dunwoody","state":"GA","zip_code":"97023","operation":"UPDATE","timestamp":1642158595,"customer_id":22831},{"name":"Ricky Moore","email":"curtissusan@example.org","address":"2377 Farmer Village Suite 164","city":"New Brunswick","state":"NJ","zip_code":"77958","operation":"UPDATE","timestamp":1642121040,"customer_id":24089},{"name":"Tony Sullivan","email":"liumichael@example.org","address":"318 Sanchez Loop","city":"Monroe","state":"WI","zip_code":"14902","operation":"UPDATE","timestamp":1642137447,"customer_id":23138},{"name":"Cameron Taylor","email":"daytodd@example.com","address":"215 Thompson Lodge Apt. 419","city":"Ceres","state":"CA","zip_code":"48973","operation":"UPDATE","timestamp":1642144878,"customer_id":23705},{"name":"Alex Leach","email":"qharris@example.com","address":"63881 Ayala Villages","city":"Jonesboro","state":"AR","zip_code":"36230","operation":"UPDATE","timestamp":1642165372,"customer_id":23699},{"name":"Melissa Farrell","email":"pricemarvin@example.com","address":"4209 Travis Freeway","city":"Citrus Heights","state":"CA","zip_code":"57918","operation":"UPDATE","timestamp":1642118855,"customer_id":23214},{"name":null,"email":null,"address":null,"city":null,"state":null,"zip_code":null,"operation":"DELETE","timestamp":1642148165,"customer_id":23148}]