[{"name":"Joshua Mercer","email":"kimberlydavis@example.org","address":"208 Lopez Lock Suite 942","city":"Midland","state":"TX","zip_code":"66033","operation":"NEW","timestamp":1642245910,"customer_id":24130},{"name":"John Martin","email":"emilywheeler@example.net","address":"4765 Andrea Valleys Suite 968","city":"Buford","state":"GA","zip_code":"49978","operation":"NEW","timestamp":1642232003,"customer_id":24131},{"name":"Stephanie Bowen","email":"zoe81@example.com","address":"539 Gordon Islands","city":"Leesburg","state":"FL","zip_code":"97954","operation":"NEW","timestamp":1642215884,"customer_id":24132},{"name":"Rhonda Nixon","email":"forbeshector@example.com","address":"88118 Henderson Shore","city":"Fort Worth","state":"TX","zip_code":"57215","operation":"NEW","timestamp":1642265048,"customer_id":24133},{"name":"Catherine Carter","email":"anna32@example.com","address":"6667 Mills Flats","city":"Bridgeport","state":"CT","zip_code":"62216","operation":"NEW","timestamp":1642227051,"customer_id":24134},{"name":"Sara Hernandez","email":"cameron58@example.org","address":"024 Alison Fords","city":"El Cajon","state":"CA","zip_code":"61085","operation":"NEW","timestamp":1642216152,"customer_id":24135},{"name":"Mary Mooney","email":"dominiquejones@example.com","address":"268 Brandi Mountain Suite 679","city":"Walnut Creek","state":"CA","zip_code":"73245","operation":"NEW","timestamp":1642272625,"customer_id":24136},{"name":"Anthony Hooper","email":"richard34@example.net","address":"419 Wolf Parkway","city":"New York","state":"NY","zip_code":"35757","operation":"NEW","timestamp":1642264960,"customer_id":24137},{"name":"Jamie Martin","email":"ugarcia@example.org","address":"04095 Kenneth Drives","city":"Lowell","state":"MA","zip_code":"40726","operation":"UPDATE","timestamp":1642243193,"customer_id":23298},{"name":"Danielle Williams","email":"ashley42@example.org","address":"42916 Perry Lakes","city":"Galena","state":"KS","zip_code":"61916","operation":"UPDATE","timestamp":1642238572,"customer_id":23556},{"name":"Jessica Guerrero","email":"derek83@example.org","address":"43204 Sandra Fords Suite 797","city":"Garfield Heights","state":"OH","zip_code":"63609","operation":"UPDATE","timestamp":1642235403,"customer_id":23896},{"name":"Hannah Peck","email":"franciscograves@example.net","address":"1714 Khan Lane","city":"Oak Forest","state":"IL","zip_code":"09752","operation":"UPDATE","timestamp":1642264643,"customer_id":23509},{"name":"Joseph Miller","email":"maynardkeith@example.net","address":"25315 Wilson Heights Suite 166","city":"Temple City","state":"CA","zip_code":"42622","operation":"UPDATE","timestamp":1642265158,"customer_id":24016},{"name":"Kim Maldonado","email":"geraldhobbs@example.net","address":"390 Frye Highway","city":"Philadelphia","state":"PA","zip_code":"10728","operation":"UPDATE","timestamp":1642280956,"customer_id":23434},{"name":"Timothy Mcdonald","email":"joe64@example.org","address":"3351 Campbell Shores","city":"Sioux City","state":"IA","zip_code":"76657","operation":"UPDATE","timestamp":1642267643,"customer_id":23833},{"name":"Ryan Greene","email":"codycole@example.org","address":"05834 Andrea Trace Apt. 347","city":"Boca Raton","state":"FL","zip_code":"69887","operation":"UPDATE","timestamp":1642282760,"customer_id":23497},{"name":"Erin Cooper","email":"jonesgregory@example.com","address":"878 Johnson Pass","city":"Commerce City","state":"CO","zip_code":"92329","operation":"UPDATE","timestamp":1642230990,"customer_id":22935},{"name":"Christopher Miller","email":"bushlynn@example.net","address":"5572 Jones Park Suite 870","city":"New York","state":"NY","zip_code":"42809","operation":"UPDATE","timestamp":1642274827,"customer_id":23295},{"name":"Sandra Dominguez","email":"castropatricia@example.net","address":"396 Rice Branch Apt. 908","city":"Concord","state":"NH","zip_code":"30527","operation":"UPDATE","timestamp":1642214362,"customer_id":23947},{"name":null,"email":null,"address":null,"city":null,"state":null,"zip_code":null,"operation":"DELETE","timestamp":1642273032,"customer_id":22444},{"name":null,"email":null,"address":null,"city":null,"state":null,"zip_code":null,"operation":"DELETE","timestamp":1642230153,"customer_id":23601}]