[{"name":"Cheryl Washington","email":"jerry05@example.net","address":"893 David Pines Suite 355","city":"Boston","state":"MA","zip_code":"93755","operation":"NEW","timestamp":1642410505,"customer_id":24146},{"name":"Christina Rose","email":"fdiaz@example.com","address":"65702 Frederick Village Apt. 042","city":"Boston","state":"MA","zip_code":"10573","operation":"NEW","timestamp":1642391114,"customer_id":24147},{"name":"Nicole Decker","email":"ruben26@example.com","address":"994 Bill Spurs","city":"North Royalton","state":"OH","zip_code":"56099","operation":"NEW","timestamp":1642423700,"customer_id":24148},{"name":"Andrew Jordan","email":"jill61@example.com","address":"078 Lisa Plaza","city":"Tacoma","state":"WA","zip_code":"28795","operation":"NEW","timestamp":1642382931,"customer_id":24149},{"name":"Amy Meyer","email":"nbenton@example.net","address":"519 Martinez Loop","city":"San Jose","state":"CA","zip_code":"09844","operation":"NEW","timestamp":1642438900,"customer_id":24150},{"name":"Debra Frye","email":"sullivanmichael@example.com","address":"41835 Butler Manors","city":"Girard","state":"IL","zip_code":"54016","operation":"NEW","timestamp":1642452894,"customer_id":24151},{"name":"Tristan Nunez","email":"wwilliams@example.net","address":"449 Douglas Turnpike","city":"Athens","state":"OH","zip_code":"12032","operation":"NEW","timestamp":1642456458,"customer_id":24152},{"name":"Mrs. Kimberly Benson DDS","email":"heatherpalmer@example.com","address":"410 Robert Stream","city":"Monroe","state":"NC","zip_code":"25414","operation":"NEW","timestamp":1642414631,"customer_id":24153},{"name":"Dennis Graham","email":"cassiearroyo@example.org","address":"336 Diana Summit Apt. 209","city":"Riverside","state":"AL","zip_code":"13242","operation":"NEW","timestamp":1642448121,"customer_id":24154},{"name":"Christopher Jordan","email":"ajohnson@example.org","address":"403 Johnson Road Apt. 413","city":"Cedar Park","state":"TX","zip_code":"12552","operation":"NEW","timestamp":1642395066,"customer_id":24155},{"name":"Raymond Zamora PhD","email":"james35@example.net","address":"977 Holden Village","city":"Buckeye","state":"AZ","zip_code":"93133","operation":"NEW","timestamp":1642406638,"customer_id":24156},{"name":"Catherine Medina","email":"pzimmerman@example.com","address":"86497 Darlene Motorway Suite 725","city":"Decatur","state":"GA","zip_code":"46547","operation":"UPDATE","timestamp":1642419372,"customer_id":23761},{"name":"Martin James","email":"ashleykramer@example.net","address":"997 Robbins Fall","city":"Philadelphia","state":"PA","zip_code":"76890","operation":"UPDATE","timestamp":1642380321,"customer_id":23399},{"name":"Chris Jackson","email":"pfranklin@example.net","address":"901 Byrd Mission","city":"San Antonio","state":"TX","zip_code":"48127","operation":"UPDATE","timestamp":1642437861,"customer_id":23083},{"name":"Brittany Harrison","email":"zdavis@example.com","address":"019 Smith Well Suite 951","city":"Pembroke Pines","state":"FL","zip_code":"16479","operation":"UPDATE","timestamp":1642434903,"customer_id":23642},{"name":"Laura Peterson","email":"howardjustin@example.net","address":"84997 Martinez Station","city":"New York","state":"NY","zip_code":"69319","operation":"UPDATE","timestamp":1642444821,"customer_id":23673},{"name":"Jennifer Roberts","email":"michael34@example.net","address":"01395 Amanda Bridge Apt. 590","city":"New Albany","state":"IN","zip_code":"93436","operation":"UPDATE","timestamp":1642382971,"customer_id":23567},{"name":null,"email":null,"address":null,"city":null,"state":null,"zip_code":null,"operation":"DELETE","timestamp":1642380241,"customer_id":23643},{"name":null,"email":null,"address":null,"city":null,"state":null,"zip_code":null,"operation":"DELETE","timestamp":1642403241,"customer_id":24039}]