[{"name":"David Briggs","email":"sarasimpson@example.org","address":"3628 Smith Shoal","city":"Long Beach","state":"CA","zip_code":"33786","operation":"NEW","timestamp":1642478237,"customer_id":24157},{"name":"Benjamin Roberts","email":"caroline75@example.com","address":"45650 William Crescent","city":"Greeley","state":"CO","zip_code":"36068","operation":"NEW","timestamp":1642505162,"customer_id":24158},{"name":"Joshua Hicks","email":"paul99@example.com","address":"782 Francisco Brooks","city":"Cortez","state":"CO","zip_code":"65892","operation":"NEW","timestamp":1642493547,"customer_id":24159},{"name":"Benjamin Carlson","email":"dominiquephillips@example.org","address":"165 Megan Parkways Apt. 010","city":"Woodbury","state":"MN","zip_code":"29707","operation":"NEW","timestamp":1642464857,"customer_id":24160},{"name":"Fred Zimmerman","email":"yanderson@example.net","address":"619 Stewart Ramp","city":"Lynn","state":"MA","zip_code":"83736","operation":"NEW","timestamp":1642477338,"customer_id":24161},{"name":"Jennifer Rodriguez","email":"paige43@example.net","address":"52733 Nelson Walk Suite 337","city":"Miami","state":"FL","zip_code":"65246","operation":"NEW","timestamp":1642515464,"customer_id":24162},{"name":"David Ryan","email":"martinkaren@example.org","address":"613 Donald Junctions Suite 751","city":"Binghamton","state":"NY","zip_code":"02794","operation":"NEW","timestamp":1642520278,"customer_id":24163},{"name":"Anna Rogers","email":"wallerdamon@example.com","address":"010 David Unions Suite 740","city":"Amarillo","state":"TX","zip_code":"92080","operation":"NEW","timestamp":1642465873,"customer_id":24164},{"name":"Kenneth Faulkner","email":"scotteric@example.org","address":"3291 Sabrina Estates Apt. 979","city":"New Haven","state":"CT","zip_code":"89474","operation":"NEW","timestamp":1642500849,"customer_id":24165},{"name":"Christopher Wood","email":"elainefuller@example.net","address":"62736 Michael Plaza","city":"Boston","state":"MA","zip_code":"51175","operation":"NEW","timestamp":1642511036,"customer_id":24166},{"name":"Logan Moore","email":"jessica95@example.net","address":"194 Lopez Locks Apt. 682","city":"Broomfield","state":"CO","zip_code":"29446","operation":"UPDATE","timestamp":1642536289,"customer_id":23027},{"name":"Isaiah Smith","email":"rosalesalexis@example.com","address":"31701 Erin Land Apt. 327","city":"Roseburg","state":"OR","zip_code":"24881","operation":"UPDATE","timestamp":1642505964,"customer_id":23884},{"name":"Julie Hernandez","email":"rachelbrown@example.org","address":"1789 Paul Estate Apt. 862","city":"Eagle Mountain","state":"UT","zip_code":"02621","operation":"UPDATE","timestamp":1642496274,"customer_id":23748},{"name":"Kim Maldonado","email":"geraldhobbs@example.net","address":"0474 Paul Oval Suite 339","city":"Philadelphia","state":"PA","zip_code":"06313","operation":"UPDATE","timestamp":1642485293,"customer_id":23434},{"name":"Steven Chapman","email":"cobbjohn@example.com","address":"1423 Contreras Flat","city":"Lincoln","state":"NE","zip_code":"57439","operation":"UPDATE","timestamp":1642483256,"customer_id":23304},{"name":"Alec Carrillo","email":"fredmcgrath@example.org","address":"691 Stephanie Key Suite 774","city":"Ridgeland","state":"MS","zip_code":"95405","operation":"UPDATE","timestamp":1642505594,"customer_id":23310},{"name":"Erin Hernandez","email":"bryan12@example.org","address":"755 Holden Tunnel","city":"Davenport","state":"IA","zip_code":"35274","operation":"UPDATE","timestamp":1642527296,"customer_id":23346},{"name":"Logan Randolph","email":"barnesstephanie@example.net","address":"929 Chase Rue","city":"Bay Village","state":"OH","zip_code":"53170","operation":"UPDATE","timestamp":1642519388,"customer_id":24129},{"name":"Courtney Williams","email":"bryantdebbie@example.net","address":"862 Edward Pines Apt. 309","city":"North Myrtle Beach","state":"SC","zip_code":"35601","operation":"UPDATE","timestamp":1642479481,"customer_id":23222},{"name":"Lauren Turner","email":"colin41@example.com","address":"196 Brown Expressway Apt. 959","city":"Spanish Fork","state":"UT","zip_code":"77206","operation":"UPDATE","timestamp":1642464155,"customer_id":23175},{"name":null,"email":null,"address":null,"city":null,"state":null,"zip_code":null,"operation":"DELETE","timestamp":1642466897,"customer_id":24120},{"name":null,"email":null,"address":null,"city":null,"state":null,"zip_code":null,"operation":"DELETE","timestamp":1642522235,"customer_id":23533}]