[{"name":"Kimberly Floyd","email":"austin65@example.org","address":"1855 Pierce Turnpike Suite 278","city":"Fresno","state":"CA","zip_code":"92159","operation":"NEW","timestamp":1642582598,"customer_id":24167},{"name":"Douglas Evans","email":"solisfrederick@example.com","address":"63586 Nancy Meadow","city":"Hampton","state":"VA","zip_code":"11406","operation":"NEW","timestamp":1642574838,"customer_id":24168},{"name":"Larry Burgess","email":"johnsonbrian@example.net","address":"7469 Farmer Islands","city":"Syracuse","state":"NY","zip_code":"93411","operation":"NEW","timestamp":1642567606,"customer_id":24169},{"name":"Derrick Young","email":"gary45@example.org","address":"49745 Cynthia Fork Apt. 034","city":"New York","state":"NY","zip_code":"62949","operation":"NEW","timestamp":1642611336,"customer_id":24170},{"name":"Linda Chambers","email":"yorklauren@example.org","address":"8848 Wood Manors","city":"Tulsa","state":"OK","zip_code":"28904","operation":"NEW","timestamp":1642602071,"customer_id":24171},{"name":"James Williamson","email":"saracox@example.org","address":"83290 Young Court Apt. 938","city":"Lexington","state":"NC","zip_code":"23357","operation":"NEW","timestamp":1642605961,"customer_id":24172},{"name":"Cindy Woods","email":"smithjason@example.org","address":"223 Smith Mills","city":"Cedar Rapids","state":"IA","zip_code":"90294","operation":"NEW","timestamp":1642569036,"customer_id":24173},{"name":"Richard Butler","email":"gracebrown@example.com","address":"261 Lisa Underpass","city":"Cleveland","state":"OH","zip_code":"31181","operation":"NEW","timestamp":1642609768,"customer_id":24174},{"name":"Scott Christensen","email":"amanda12@example.com","address":"2735 Destiny Valleys","city":"Reidsville","state":"NC","zip_code":"40890","operation":"UPDATE","timestamp":1642560744,"customer_id":23911},{"name":"Alexander Fritz","email":"deanmary@example.org","address":"5667 Veronica Lights Apt. 487","city":"Kettering","state":"OH","zip_code":"41122","operation":"UPDATE","timestamp":1642578181,"customer_id":24099},{"name":"Leah Carlson","email":"rhondasanders@example.com","address":"54091 Miguel Isle","city":"Brewton","state":"AL","zip_code":"28136","operation":"UPDATE","timestamp":1642584296,"customer_id":23428},{"name":null,"email":null,"address":null,"city":null,"state":null,"zip_code":null,"operation":"DELETE","timestamp":1642594697,"customer_id":23554}]