[{"name":"Bradley Patterson","email":"xhanson@example.org","address":"5784 Brewer Forks Apt. 343","city":"Paris","state":"TX","zip_code":"44088","operation":"NEW","timestamp":1642749783,"customer_id":24184},{"name":"Megan Stevens","email":"amiller@example.com","address":"8138 Sharon Valleys","city":"Jackson","state":"GA","zip_code":"72109","operation":"NEW","timestamp":1642728505,"customer_id":24185},{"name":"Trevor Klein","email":"aarongibbs@example.net","address":"29818 Kirk Lakes Suite 634","city":"Murrieta","state":"CA","zip_code":"52732","operation":"NEW","timestamp":1642755465,"customer_id":24186},{"name":"Austin Levine","email":"rosejacob@example.net","address":"175 Newman Path Apt. 401","city":"Hooper","state":"UT","zip_code":"03235","operation":"NEW","timestamp":1642745443,"customer_id":24187},{"name":"Tanya Williams","email":"smithantonio@example.com","address":"2760 Bowers Spring Apt. 791","city":"Green Bay","state":"WI","zip_code":"26075","operation":"NEW","timestamp":1642796990,"customer_id":24188},{"name":"Jessica Williams","email":"parkerjocelyn@example.org","address":"82406 Wanda Landing Suite 086","city":"Denver","state":"CO","zip_code":"44482","operation":"NEW","timestamp":1642787479,"customer_id":24189},{"name":"Jessica Mooney","email":"zacharyklein@example.net","address":"3789 Samuel Motorway","city":"San Jose","state":"CA","zip_code":"54609","operation":"NEW","timestamp":1642783783,"customer_id":24190},{"name":"Lynn Robinson","email":"randallmoore@example.com","address":"36294 Austin Lake","city":"San Jose","state":"CA","zip_code":"75147","operation":"NEW","timestamp":1642766198,"customer_id":24191},{"name":"Shannon Bray","email":"kirk04@example.net","address":"87003 Allen Parkway Apt. 001","city":"New York","state":"NY","zip_code":"81662","operation":"NEW","timestamp":1642777634,"customer_id":24192},{"name":"Ryan Evans","email":"cynthia81@example.com","address":"21729 Logan Stream Suite 460","city":"Sacramento","state":"CA","zip_code":"38809","operation":"NEW","timestamp":1642739327,"customer_id":24193},{"name":"Jessica Ellis","email":"diazkelly@example.com","address":"80199 Roberto Burg Suite 566","city":"New Iberia","state":"LA","zip_code":"77674","operation":"NEW","timestamp":1642794817,"customer_id":24194},{"name":"Isaac Howard","email":"riostroy@example.com","address":"45415 Samantha Square","city":"Ripley","state":"WV","zip_code":"26495","operation":"UPDATE","timestamp":1642744906,"customer_id":23741},{"name":"Wesley Robbins","email":"bentleykyle@example.net","address":"7157 Perez Forks Apt. 318","city":"Glen Cove","state":"NY","zip_code":"43699","operation":"UPDATE","timestamp":1642801508,"customer_id":23596},{"name":"Matthew Silva","email":"natasha02@example.org","address":"3261 Watts Divide","city":"South St. Paul","state":"MN","zip_code":"35208","operation":"UPDATE","timestamp":1642767256,"customer_id":23271},{"name":"Christopher Jordan","email":"fostermelinda@example.org","address":"04349 Gray Rue","city":"Jacksonville","state":"FL","zip_code":"99395","operation":"UPDATE","timestamp":1642734003,"customer_id":24155},{"name":null,"email":null,"address":null,"city":null,"state":null,"zip_code":null,"operation":"DELETE","timestamp":1642724112,"customer_id":23562}]