[{"name":"Tracy Garcia","email":"robertadkins@example.com","address":"50827 Mclean Circle","city":"Warwick","state":"RI","zip_code":"52215","operation":"NEW","timestamp":1642878484,"customer_id":24195},{"name":"Susan Whitney","email":"tammyedwards@example.net","address":"44540 Linda Bypass","city":"Jackson","state":"MS","zip_code":"27738","operation":"NEW","timestamp":1642883929,"customer_id":24196},{"name":"Julie Fisher","email":"greg19@example.net","address":"6330 Megan Isle","city":"San Diego","state":"CA","zip_code":"56745","operation":"NEW","timestamp":1642886471,"customer_id":24197},{"name":"Danielle Miller","email":"scott40@example.com","address":"6993 Andrew Plains","city":"Palm Bay","state":"FL","zip_code":"58707","operation":"NEW","timestamp":1642856763,"customer_id":24198},{"name":"Katherine Tucker","email":"teresaharris@example.net","address":"342 Ruiz Junctions Apt. 076","city":"Concord","state":"CA","zip_code":"02408","operation":"NEW","timestamp":1642881029,"customer_id":24199},{"name":"Whitney Allen","email":"brocksheryl@example.org","address":"322 Newman Manor Apt. 073","city":"Columbia","state":"SC","zip_code":"04329","operation":"NEW","timestamp":1642832723,"customer_id":24200},{"name":"John Davis","email":"rochaangelica@example.org","address":"29643 Rodriguez Rapid Suite 967","city":"San Luis","state":"AZ","zip_code":"37844","operation":"NEW","timestamp":1642815458,"customer_id":24201},{"name":"Sean Scott","email":"martha82@example.net","address":"7356 Randy Shores Suite 334","city":"New York","state":"NY","zip_code":"36013","operation":"NEW","timestamp":1642885760,"customer_id":24202},{"name":"Jonathan Rice","email":"leonardnicholas@example.com","address":"3188 Ward Mews","city":"Grand Rapids","state":"MI","zip_code":"70354","operation":"NEW","timestamp":1642861801,"customer_id":24203},{"name":"Stacey Jenkins","email":"larryhall@example.org","address":"80285 Lang Meadow Suite 976","city":"Folsom","state":"CA","zip_code":"04865","operation":"NEW","timestamp":1642878911,"customer_id":24204},{"name":"Mary Blackburn","email":"edwinwalker@example.net","address":"00449 Brown Extension Apt. 458","city":"San Antonio","state":"TX","zip_code":"38051","operation":"NEW","timestamp":1642870953,"customer_id":24205},{"name":"Scott Nash MD","email":"freynolds@example.org","address":"136 Clark Divide Suite 626","city":"Temecula","state":"CA","zip_code":"43994","operation":"UPDATE","timestamp":1642877165,"customer_id":23822},{"name":"Emily Williams","email":"lindseydavid@example.net","address":"347 Jacob Estates Apt. 916","city":"Charlotte","state":"NC","zip_code":"68328","operation":"UPDATE","timestamp":1642840629,"customer_id":23965},{"name":"Emma Martinez","email":"robertsrobert@example.org","address":"2776 Liu Skyway Suite 738","city":"Billings","state":"MT","zip_code":"58853","operation":"UPDATE","timestamp":1642842688,"customer_id":24125},{"name":"Joyce Brown","email":"karenbryant@example.org","address":"014 Emily Extension","city":"New York","state":"NY","zip_code":"60341","operation":"UPDATE","timestamp":1642872778,"customer_id":23882},{"name":"Andrew Ramos","email":"mmartin@example.org","address":"164 Smith Streets","city":"Chicago","state":"IL","zip_code":"49873","operation":"UPDATE","timestamp":1642841734,"customer_id":23338},{"name":null,"email":null,"address":null,"city":null,"state":null,"zip_code":null,"operation":"DELETE","timestamp":1642821209,"customer_id":23552},{"name":null,"email":null,"address":null,"city":null,"state":null,"zip_code":null,"operation":"DELETE","timestamp":1642849623,"customer_id":23961}]