[{"name":"Juan Mcclure","email":"iwilson@example.net","address":"132 Megan Heights","city":"Cassville","state":"MO","zip_code":"66450","operation":"NEW","timestamp":1643118843,"customer_id":24226},{"name":"Susan Harper","email":"eddiecastillo@example.com","address":"1333 Ayers Spring","city":"West Palm Beach","state":"FL","zip_code":"39553","operation":"NEW","timestamp":1643124773,"customer_id":24227},{"name":"Kendra Spencer","email":"cheryl39@example.org","address":"71949 Lauren Square","city":"Rocky Mount","state":"NC","zip_code":"80070","operation":"NEW","timestamp":1643125481,"customer_id":24228},{"name":"Ronald Esparza","email":"monicalewis@example.com","address":"220 York Locks Apt. 315","city":"New York","state":"NY","zip_code":"13369","operation":"NEW","timestamp":1643127048,"customer_id":24229},{"name":"Logan Haynes","email":"fmorales@example.com","address":"62601 Anthony Falls Apt. 609","city":"Davis","state":"CA","zip_code":"72620","operation":"NEW","timestamp":1643145046,"customer_id":24230},{"name":"Kylie Bell","email":"cummingsjoseph@example.net","address":"01820 Richardson Falls","city":"Monterey","state":"CA","zip_code":"70584","operation":"NEW","timestamp":1643123959,"customer_id":24231},{"name":"Adrian Smith","email":"williamlong@example.com","address":"2298 Arroyo Falls","city":"Vidalia","state":"GA","zip_code":"18474","operation":"NEW","timestamp":1643132429,"customer_id":24232},{"name":"Paul Glenn","email":"olong@example.org","address":"47489 Cook Parkways Suite 011","city":"Murfreesboro","state":"TN","zip_code":"59664","operation":"UPDATE","timestamp":1643110349,"customer_id":24051},{"name":"David Dennis","email":"jeffrey72@example.com","address":"409 Eric Station","city":"Grand Rapids","state":"MI","zip_code":"37080","operation":"UPDATE","timestamp":1643147103,"customer_id":23918},{"name":"Rodney Thomas","email":"nealashley@example.net","address":"6378 Richard Passage Apt. 478","city":"Indianapolis","state":"IN","zip_code":"01741","operation":"UPDATE","timestamp":1643136990,"customer_id":23548},{"name":"Beth Pruitt","email":"douglasmarquez@example.org","address":"55411 Weaver Greens","city":"Atlantic City","state":"NJ","zip_code":"28966","operation":"UPDATE","timestamp":1643128306,"customer_id":23529},{"name":"Lindsay Roberts","email":"randyburns@example.net","address":"364 Taylor Crossroad","city":"Columbus","state":"OH","zip_code":"63365","operation":"UPDATE","timestamp":1643074885,"customer_id":23086},{"name":null,"email":null,"address":null,"city":null,"state":null,"zip_code":null,"operation":"DELETE","timestamp":1643118656,"customer_id":22280}]