[{"name":"Vicki Robinson","email":"kellyallen@example.org","address":"7084 Cynthia Expressway","city":"Moreno Valley","state":"CA","zip_code":"08653","operation":"NEW","timestamp":1643243593,"customer_id":24242},{"name":"Luis Thomas","email":"qwatson@example.net","address":"3250 Gregory Mews","city":"Wichita","state":"KS","zip_code":"42236","operation":"NEW","timestamp":1643268443,"customer_id":24243},{"name":"Amanda Owens","email":"shannon93@example.com","address":"7703 Jeff Groves","city":"Fresno","state":"CA","zip_code":"37046","operation":"NEW","timestamp":1643320158,"customer_id":24244},{"name":"Sherry Campbell","email":"colin07@example.com","address":"5676 Jenny Mews","city":"Chula Vista","state":"CA","zip_code":"82141","operation":"NEW","timestamp":1643244971,"customer_id":24245},{"name":"Hector Mitchell","email":"wilcoxphilip@example.net","address":"63548 Heather Forge","city":"North Las Vegas","state":"NV","zip_code":"46283","operation":"NEW","timestamp":1643320256,"customer_id":24246},{"name":"Jimmy Warner","email":"ymacias@example.net","address":"3614 Nathan Loop","city":"Long Beach","state":"CA","zip_code":"33780","operation":"NEW","timestamp":1643249214,"customer_id":24247},{"name":"Stacey Bryan","email":"icunningham@example.net","address":"05702 Lowe Vista Suite 966","city":"Hercules","state":"CA","zip_code":"10288","operation":"NEW","timestamp":1643243665,"customer_id":24248},{"name":"Adam Cobb","email":"burgessrachel@example.net","address":"468 Kayla Lakes","city":"Crystal Lake","state":"IL","zip_code":"34491","operation":"NEW","timestamp":1643310813,"customer_id":24249},{"name":"Derek Gonzales","email":"sandersjeanette@example.com","address":"06656 Brian Oval Apt. 600","city":"Mexico","state":"MO","zip_code":"71559","operation":"NEW","timestamp":1643310644,"customer_id":24250},{"name":"Ryan Bullock","email":"osimpson@example.net","address":"940 Michael Radial Suite 215","city":"Framingham","state":"MA","zip_code":"45688","operation":"UPDATE","timestamp":1643280253,"customer_id":23280},{"name":"Briana Clark","email":"melissajohnson@example.com","address":"41017 Kimberly Vista","city":"Dana Point","state":"CA","zip_code":"08384","operation":"UPDATE","timestamp":1643274931,"customer_id":23100},{"name":"Laurie Allen","email":"jillhodge@example.org","address":"117 Rivera Curve Apt. 648","city":"Littleton","state":"CO","zip_code":"33628","operation":"UPDATE","timestamp":1643269670,"customer_id":24063},{"name":"Emily Fernandez","email":"elizabeth52@example.net","address":"2907 Ernest Ways Suite 370","city":"Kansas City","state":"MO","zip_code":"76712","operation":"UPDATE","timestamp":1643263519,"customer_id":24139},{"name":"William Anderson","email":"pbryant@example.org","address":"290 Suzanne Highway Suite 068","city":"El Paso","state":"TX","zip_code":"93926","operation":"UPDATE","timestamp":1643246105,"customer_id":23888},{"name":"Roberta Bell","email":"gouldsamuel@example.com","address":"2388 Perry Causeway Suite 070","city":"Tulsa","state":"OK","zip_code":"13707","operation":"UPDATE","timestamp":1643322434,"customer_id":23847},{"name":null,"email":null,"address":null,"city":null,"state":null,"zip_code":null,"operation":"DELETE","timestamp":1643277652,"customer_id":24007}]