[{"name":"Sandra Gray","email":"sharpthomas@example.net","address":"3153 Caitlin Parkways Suite 775","city":"Morristown","state":"TN","zip_code":"08210","operation":"NEW","timestamp":1643452861,"customer_id":24260},{"name":"Ronald Estrada","email":"angelajones@example.net","address":"64846 Christine Wall Suite 050","city":"Long Beach","state":"CA","zip_code":"43274","operation":"NEW","timestamp":1643471450,"customer_id":24261},{"name":"Debra Soto","email":"gonzalezbarbara@example.net","address":"10141 Williams Plains Suite 840","city":"Isle of Palms","state":"SC","zip_code":"11800","operation":"NEW","timestamp":1643476564,"customer_id":24262},{"name":"Deborah Turner","email":"heatherbell@example.com","address":"996 Daniel Rapid","city":"San Carlos","state":"CA","zip_code":"74565","operation":"NEW","timestamp":1643439983,"customer_id":24263},{"name":"Andrew Jones","email":"mary72@example.net","address":"7342 Watson Points Apt. 097","city":"Las Vegas","state":"NV","zip_code":"57286","operation":"NEW","timestamp":1643422710,"customer_id":24264},{"name":"Megan Wiggins","email":"donaldsonmichael@example.com","address":"300 Austin Cliff Suite 620","city":"Lago Vista","state":"TX","zip_code":"78731","operation":"NEW","timestamp":1643451152,"customer_id":24265},{"name":"Taylor Frost","email":"michelle48@example.org","address":"396 Hunter Shore Apt. 890","city":"Ivanhoe","state":"TX","zip_code":"69866","operation":"NEW","timestamp":1643416570,"customer_id":24266},{"name":"Steven Ray","email":"james28@example.com","address":"46557 Morales Passage Apt. 652","city":"Tyler","state":"TX","zip_code":"02540","operation":"NEW","timestamp":1643467408,"customer_id":24267},{"name":"William Reese","email":"michellehensley@example.net","address":"44260 Lee Rue Apt. 508","city":"Detroit","state":"MI","zip_code":"43818","operation":"NEW","timestamp":1643496996,"customer_id":24268},{"name":"Lisa Orozco","email":"nkelly@example.org","address":"054 Rachael Prairie","city":"New York","state":"NY","zip_code":"21649","operation":"NEW","timestamp":1643450596,"customer_id":24269},{"name":"Laura Garrett","email":"patriciameyer@example.net","address":"8835 White Falls","city":"Oak Grove","state":"MN","zip_code":"25158","operation":"UPDATE","timestamp":1643442590,"customer_id":23340},{"name":"Christine Shelton","email":"susan34@example.net","address":"30395 Morales Lodge","city":"Taunton","state":"MA","zip_code":"70126","operation":"UPDATE","timestamp":1643439635,"customer_id":23527},{"name":"Christopher Perry","email":"fieldskelly@example.org","address":"290 Smith Isle","city":"Bloomington","state":"IN","zip_code":"95743","operation":"UPDATE","timestamp":1643437024,"customer_id":23208},{"name":"Bruce Hubbard","email":"suttonmelissa@example.net","address":"075 Clark Villages","city":"El Monte","state":"CA","zip_code":"80344","operation":"UPDATE","timestamp":1643477313,"customer_id":23189},{"name":"Katherine Tucker","email":"teresaharris@example.net","address":"5689 Shannon Run Suite 813","city":"Concord","state":"CA","zip_code":"57207","operation":"UPDATE","timestamp":1643453037,"customer_id":24199},{"name":null,"email":null,"address":null,"city":null,"state":null,"zip_code":null,"operation":"DELETE","timestamp":1643495317,"customer_id":23169},{"name":null,"email":null,"address":null,"city":null,"state":null,"zip_code":null,"operation":"DELETE","timestamp":1643474784,"customer_id":23517}]