[{"name":"Anna Smith","email":"donald62@example.com","address":"7832 William Parkway","city":"Effingham","state":"IL","zip_code":"83531","operation":"NEW","timestamp":1643577404,"customer_id":24270},{"name":"Christina Mcclain","email":"kyle13@example.net","address":"18168 Juan Island Apt. 312","city":"Hondo","state":"TX","zip_code":"11048","operation":"NEW","timestamp":1643545989,"customer_id":24271},{"name":"Joshua Smith","email":"hernandezlisa@example.org","address":"35737 Jennifer Rest Apt. 885","city":"Oklahoma City","state":"OK","zip_code":"45340","operation":"NEW","timestamp":1643540852,"customer_id":24272},{"name":"John Good","email":"uaguirre@example.net","address":"3220 Smith Mall","city":"New York","state":"NY","zip_code":"07098","operation":"NEW","timestamp":1643576095,"customer_id":24273},{"name":"Carlos Whitehead","email":"arroyobecky@example.net","address":"84356 Ryan Drives Apt. 176","city":"Janesville","state":"WI","zip_code":"08487","operation":"NEW","timestamp":1643562446,"customer_id":24274},{"name":"Jennifer Knox","email":"christopher79@example.org","address":"707 Philip Garden Apt. 721","city":"Excelsior Springs","state":"MO","zip_code":"59778","operation":"NEW","timestamp":1643505334,"customer_id":24275},{"name":"David Moore","email":"schultzelaine@example.com","address":"8870 Harris Station Apt. 186","city":"Howell","state":"MI","zip_code":"17456","operation":"NEW","timestamp":1643537058,"customer_id":24276},{"name":"Joseph Bailey","email":"srhodes@example.com","address":"0801 Henry Plain","city":"Camden","state":"NJ","zip_code":"63821","operation":"NEW","timestamp":1643536646,"customer_id":24277},{"name":"Sabrina Walker","email":"porterjoseph@example.net","address":"78354 Cohen Rapid Suite 875","city":"Dallas","state":"TX","zip_code":"43177","operation":"NEW","timestamp":1643557417,"customer_id":24278},{"name":"Susan Whitney","email":"tammyedwards@example.net","address":"06202 Sandy Parkway Suite 412","city":"Jackson","state":"MS","zip_code":"19286","operation":"UPDATE","timestamp":1643516137,"customer_id":24196},{"name":"Douglas Macias","email":"perkinseric@example.net","address":"316 Jerry Roads","city":"Tucson","state":"AZ","zip_code":"59759","operation":"UPDATE","timestamp":1643510710,"customer_id":23278},{"name":null,"email":null,"address":null,"city":null,"state":null,"zip_code":null,"operation":"DELETE","timestamp":1643520002,"customer_id":23956},{"name":null,"email":null,"address":null,"city":null,"state":null,"zip_code":null,"operation":"DELETE","timestamp":1643558552,"customer_id":24127}]