{"remove":{"path":"part-00000-ef4f8909-e437-44af-ba8d-c07f5b6ac790-c000.snappy.parquet","deletionTimestamp":1643401712561,"dataChange":false,"extendedFileMetadata":true,"partitionValues":{},"size":70099,"tags":{"INSERTION_TIME":"1643401469000000","OPTIMIZE_TARGET_SIZE":"268435456"}}}
{"remove":{"path":"part-00001-95421698-2f5d-457b-9feb-0d9acbf32b8d-c000.snappy.parquet","deletionTimestamp":1643401712561,"dataChange":false,"extendedFileMetadata":true,"partitionValues":{},"size":67285,"tags":{"INSERTION_TIME":"1643401469000001","OPTIMIZE_TARGET_SIZE":"268435456"}}}
{"remove":{"path":"part-00002-b449252b-e6b0-4051-bf42-a200c41e3201-c000.snappy.parquet","deletionTimestamp":1643401712561,"dataChange":false,"extendedFileMetadata":true,"partitionValues":{},"size":68271,"tags":{"INSERTION_TIME":"1643401469000002","OPTIMIZE_TARGET_SIZE":"268435456"}}}
{"remove":{"path":"part-00003-0dcb7af8-14ca-424d-ae3d-0e7c313bf0a1-c000.snappy.parquet","deletionTimestamp":1643401712561,"dataChange":false,"extendedFileMetadata":true,"partitionValues":{},"size":64627,"tags":{"INSERTION_TIME":"1643401469000003","OPTIMIZE_TARGET_SIZE":"268435456"}}}
{"add":{"path":"part-00000-94144360-0635-4a96-b128-7c44125367e4-c000.snappy.parquet","partitionValues":{},"size":249056,"modificationTime":1643401715000,"dataChange":false,"stats":"{\"numRecords\":10539,\"minValues\":{\"user_id\":\"UA000000102357398\",\"order_id\":257434,\"transaction_timestamp\":1592193956703494,\"total_item_quantity\":1,\"purchase_revenue_in_usd\":53.1,\"unique_items\":1,\"P_FOAM_K\":1,\"M_STAN_Q\":1,\"P_FOAM_S\":1,\"M_PREM_Q\":1,\"M_STAN_F\":1,\"M_STAN_T\":1,\"M_PREM_K\":1,\"M_PREM_F\":1,\"M_STAN_K\":1,\"M_PREM_T\":1,\"P_DOWN_S\":1,\"P_DOWN_K\":1},\"maxValues\":{\"user_id\":\"UA000000107382233\",\"order_id\":467758,\"transaction_timestamp\":1593880990897119,\"total_item_quantity\":4,\"purchase_revenue_in_usd\":4351.5,\"unique_items\":4,\"P_FOAM_K\":2,\"M_STAN_Q\":2,\"P_FOAM_S\":2,\"M_PREM_Q\":2,\"M_STAN_F\":2,\"M_STAN_T\":3,\"M_PREM_K\":1,\"M_PREM_F\":1,\"M_STAN_K\":2,\"M_PREM_T\":2,\"P_DOWN_S\":1,\"P_DOWN_K\":1},\"nullCount\":{\"user_id\":0,\"order_id\":0,\"transaction_timestamp\":0,\"total_item_quantity\":0,\"purchase_revenue_in_usd\":0,\"unique_items\":0,\"P_FOAM_K\":10275,\"M_STAN_Q\":8058,\"P_FOAM_S\":9950,\"M_PREM_Q\":9933,\"M_STAN_F\":9226,\"M_STAN_T\":7938,\"M_PREM_K\":10058,\"M_PREM_F\":10189,\"M_STAN_K\":8568,\"M_PREM_T\":9878,\"P_DOWN_S\":10167,\"P_DOWN_K\":10376}}","tags":{"INSERTION_TIME":"1643401469000000","OPTIMIZE_TARGET_SIZE":"268435456"}}}
{"commitInfo":{"timestamp":1643401714210,"userId":"7249111304615626","userName":"juno.lee@databricks.com","operation":"OPTIMIZE","operationParameters":{"predicate":"[]","zOrderBy":"[]","batchId":"0","auto":false},"notebook":{"notebookId":"3102000447582028"},"clusterId":"0128-200635-4psib3qu","readVersion":0,"isolationLevel":"SnapshotIsolation","isBlindAppend":false,"operationMetrics":{"numRemovedFiles":"4","numRemovedBytes":"270282","p25FileSize":"249056","minFileSize":"249056","numAddedFiles":"1","maxFileSize":"249056","p75FileSize":"249056","p50FileSize":"249056","numAddedBytes":"249056"},"engineInfo":"Databricks-Runtime/10.2.x-scala2.12"}}
