{"protocol":{"minReaderVersion":1,"minWriterVersion":2}}
{"metaData":{"id":"ad340099-b082-4da1-83ca-a8205cba4965","format":{"provider":"parquet","options":{}},"schemaString":"{\"type\":\"struct\",\"fields\":[{\"name\":\"user_id\",\"type\":\"string\",\"nullable\":true,\"metadata\":{}},{\"name\":\"order_id\",\"type\":\"long\",\"nullable\":true,\"metadata\":{}},{\"name\":\"transaction_timestamp\",\"type\":\"long\",\"nullable\":true,\"metadata\":{}},{\"name\":\"total_item_quantity\",\"type\":\"long\",\"nullable\":true,\"metadata\":{}},{\"name\":\"purchase_revenue_in_usd\",\"type\":\"double\",\"nullable\":true,\"metadata\":{}},{\"name\":\"unique_items\",\"type\":\"long\",\"nullable\":true,\"metadata\":{}},{\"name\":\"P_FOAM_K\",\"type\":\"long\",\"nullable\":true,\"metadata\":{}},{\"name\":\"M_STAN_Q\",\"type\":\"long\",\"nullable\":true,\"metadata\":{}},{\"name\":\"P_FOAM_S\",\"type\":\"long\",\"nullable\":true,\"metadata\":{}},{\"name\":\"M_PREM_Q\",\"type\":\"long\",\"nullable\":true,\"metadata\":{}},{\"name\":\"M_STAN_F\",\"type\":\"long\",\"nullable\":true,\"metadata\":{}},{\"name\":\"M_STAN_T\",\"type\":\"long\",\"nullable\":true,\"metadata\":{}},{\"name\":\"M_PREM_K\",\"type\":\"long\",\"nullable\":true,\"metadata\":{}},{\"name\":\"M_PREM_F\",\"type\":\"long\",\"nullable\":true,\"metadata\":{}},{\"name\":\"M_STAN_K\",\"type\":\"long\",\"nullable\":true,\"metadata\":{}},{\"name\":\"M_PREM_T\",\"type\":\"long\",\"nullable\":true,\"metadata\":{}},{\"name\":\"P_DOWN_S\",\"type\":\"long\",\"nullable\":true,\"metadata\":{}},{\"name\":\"P_DOWN_K\",\"type\":\"long\",\"nullable\":true,\"metadata\":{}}]}","partitionColumns":[],"configuration":{},"createdTime":1643401467500}}
{"add":{"path":"part-00000-ef4f8909-e437-44af-ba8d-c07f5b6ac790-c000.snappy.parquet","partitionValues":{},"size":70099,"modificationTime":1643401469000,"dataChange":true,"stats":"{\"numRecords\":2744,\"minValues\":{\"user_id\":\"UA000000102360974\",\"order_id\":257446,\"transaction_timestamp\":1592210466980916,\"total_item_quantity\":1,\"purchase_revenue_in_usd\":53.1,\"unique_items\":1,\"P_FOAM_K\":1,\"M_STAN_Q\":1,\"P_FOAM_S\":1,\"M_PREM_Q\":1,\"M_STAN_F\":1,\"M_STAN_T\":1,\"M_PREM_K\":1,\"M_PREM_F\":1,\"M_STAN_K\":1,\"M_PREM_T\":1,\"P_DOWN_S\":1,\"P_DOWN_K\":1},\"maxValues\":{\"user_id\":\"UA000000107370981\",\"order_id\":467650,\"transaction_timestamp\":1593880834140951,\"total_item_quantity\":4,\"purchase_revenue_in_usd\":4351.5,\"unique_items\":4,\"P_FOAM_K\":1,\"M_STAN_Q\":2,\"P_FOAM_S\":1,\"M_PREM_Q\":2,\"M_STAN_F\":2,\"M_STAN_T\":3,\"M_PREM_K\":1,\"M_PREM_F\":1,\"M_STAN_K\":2,\"M_PREM_T\":2,\"P_DOWN_S\":1,\"P_DOWN_K\":1},\"nullCount\":{\"user_id\":0,\"order_id\":0,\"transaction_timestamp\":0,\"total_item_quantity\":0,\"purchase_revenue_in_usd\":0,\"unique_items\":0,\"P_FOAM_K\":2681,\"M_STAN_Q\":2115,\"P_FOAM_S\":2610,\"M_PREM_Q\":2569,\"M_STAN_F\":2406,\"M_STAN_T\":2069,\"M_PREM_K\":2621,\"M_PREM_F\":2650,\"M_STAN_K\":2192,\"M_PREM_T\":2593,\"P_DOWN_S\":2633,\"P_DOWN_K\":2698}}","tags":{"INSERTION_TIME":"1643401469000000","OPTIMIZE_TARGET_SIZE":"268435456"}}}
{"add":{"path":"part-00001-95421698-2f5d-457b-9feb-0d9acbf32b8d-c000.snappy.parquet","partitionValues":{},"size":67285,"modificationTime":1643401469000,"dataChange":true,"stats":"{\"numRecords\":2629,\"minValues\":{\"user_id\":\"UA000000102357788\",\"order_id\":257434,\"transaction_timestamp\":1592201856856023,\"total_item_quantity\":1,\"purchase_revenue_in_usd\":53.1,\"unique_items\":1,\"P_FOAM_K\":1,\"M_STAN_Q\":1,\"P_FOAM_S\":1,\"M_PREM_Q\":1,\"M_STAN_F\":1,\"M_STAN_T\":1,\"M_PREM_K\":1,\"M_PREM_F\":1,\"M_STAN_K\":1,\"M_PREM_T\":1,\"P_DOWN_S\":1,\"P_DOWN_K\":1},\"maxValues\":{\"user_id\":\"UA000000107369138\",\"order_id\":467758,\"transaction_timestamp\":1593880240579453,\"total_item_quantity\":4,\"purchase_revenue_in_usd\":3490.0,\"unique_items\":4,\"P_FOAM_K\":1,\"M_STAN_Q\":2,\"P_FOAM_S\":2,\"M_PREM_Q\":1,\"M_STAN_F\":2,\"M_STAN_T\":2,\"M_PREM_K\":1,\"M_PREM_F\":1,\"M_STAN_K\":2,\"M_PREM_T\":2,\"P_DOWN_S\":1,\"P_DOWN_K\":1},\"nullCount\":{\"user_id\":0,\"order_id\":0,\"transaction_timestamp\":0,\"total_item_quantity\":0,\"purchase_revenue_in_usd\":0,\"unique_items\":0,\"P_FOAM_K\":2560,\"M_STAN_Q\":2009,\"P_FOAM_S\":2484,\"M_PREM_Q\":2487,\"M_STAN_F\":2284,\"M_STAN_T\":1974,\"M_PREM_K\":2508,\"M_PREM_F\":2548,\"M_STAN_K\":2166,\"M_PREM_T\":2453,\"P_DOWN_S\":2550,\"P_DOWN_K\":2597}}","tags":{"INSERTION_TIME":"1643401469000001","OPTIMIZE_TARGET_SIZE":"268435456"}}}
{"add":{"path":"part-00002-b449252b-e6b0-4051-bf42-a200c41e3201-c000.snappy.parquet","partitionValues":{},"size":68271,"modificationTime":1643401469000,"dataChange":true,"stats":"{\"numRecords\":2667,\"minValues\":{\"user_id\":\"UA000000102357440\",\"order_id\":257440,\"transaction_timestamp\":1592197217716495,\"total_item_quantity\":1,\"purchase_revenue_in_usd\":53.1,\"unique_items\":1,\"P_FOAM_K\":1,\"M_STAN_Q\":1,\"P_FOAM_S\":1,\"M_PREM_Q\":1,\"M_STAN_F\":1,\"M_STAN_T\":1,\"M_PREM_K\":1,\"M_PREM_F\":1,\"M_STAN_K\":1,\"M_PREM_T\":1,\"P_DOWN_S\":1,\"P_DOWN_K\":1},\"maxValues\":{\"user_id\":\"UA000000107364269\",\"order_id\":467757,\"transaction_timestamp\":1593880658045681,\"total_item_quantity\":4,\"purchase_revenue_in_usd\":3985.0,\"unique_items\":4,\"P_FOAM_K\":2,\"M_STAN_Q\":2,\"P_FOAM_S\":2,\"M_PREM_Q\":2,\"M_STAN_F\":2,\"M_STAN_T\":3,\"M_PREM_K\":1,\"M_PREM_F\":1,\"M_STAN_K\":2,\"M_PREM_T\":2,\"P_DOWN_S\":1,\"P_DOWN_K\":1},\"nullCount\":{\"user_id\":0,\"order_id\":0,\"transaction_timestamp\":0,\"total_item_quantity\":0,\"purchase_revenue_in_usd\":0,\"unique_items\":0,\"P_FOAM_K\":2597,\"M_STAN_Q\":2044,\"P_FOAM_S\":2512,\"M_PREM_Q\":2511,\"M_STAN_F\":2331,\"M_STAN_T\":2001,\"M_PREM_K\":2549,\"M_PREM_F\":2587,\"M_STAN_K\":2163,\"M_PREM_T\":2497,\"P_DOWN_S\":2561,\"P_DOWN_K\":2626}}","tags":{"INSERTION_TIME":"1643401469000002","OPTIMIZE_TARGET_SIZE":"268435456"}}}
{"add":{"path":"part-00003-0dcb7af8-14ca-424d-ae3d-0e7c313bf0a1-c000.snappy.parquet","partitionValues":{},"size":64627,"modificationTime":1643401469000,"dataChange":true,"stats":"{\"numRecords\":2499,\"minValues\":{\"user_id\":\"UA000000102357398\",\"order_id\":257436,\"transaction_timestamp\":1592193956703494,\"total_item_quantity\":1,\"purchase_revenue_in_usd\":53.1,\"unique_items\":1,\"P_FOAM_K\":1,\"M_STAN_Q\":1,\"P_FOAM_S\":1,\"M_PREM_Q\":1,\"M_STAN_F\":1,\"M_STAN_T\":1,\"M_PREM_K\":1,\"M_PREM_F\":1,\"M_STAN_K\":1,\"M_PREM_T\":1,\"P_DOWN_S\":1,\"P_DOWN_K\":1},\"maxValues\":{\"user_id\":\"UA000000107382233\",\"order_id\":467641,\"transaction_timestamp\":1593880990897119,\"total_item_quantity\":4,\"purchase_revenue_in_usd\":4044.0,\"unique_items\":4,\"P_FOAM_K\":1,\"M_STAN_Q\":2,\"P_FOAM_S\":1,\"M_PREM_Q\":1,\"M_STAN_F\":2,\"M_STAN_T\":3,\"M_PREM_K\":1,\"M_PREM_F\":1,\"M_STAN_K\":2,\"M_PREM_T\":2,\"P_DOWN_S\":1,\"P_DOWN_K\":1},\"nullCount\":{\"user_id\":0,\"order_id\":0,\"transaction_timestamp\":0,\"total_item_quantity\":0,\"purchase_revenue_in_usd\":0,\"unique_items\":0,\"P_FOAM_K\":2437,\"M_STAN_Q\":1890,\"P_FOAM_S\":2344,\"M_PREM_Q\":2366,\"M_STAN_F\":2205,\"M_STAN_T\":1894,\"M_PREM_K\":2380,\"M_PREM_F\":2404,\"M_STAN_K\":2047,\"M_PREM_T\":2335,\"P_DOWN_S\":2423,\"P_DOWN_K\":2455}}","tags":{"INSERTION_TIME":"1643401469000003","OPTIMIZE_TARGET_SIZE":"268435456"}}}
{"commitInfo":{"timestamp":1643401468838,"userId":"7249111304615626","userName":"juno.lee@databricks.com","operation":"CREATE OR REPLACE TABLE AS SELECT","operationParameters":{"isManaged":"true","description":null,"partitionBy":"[]","properties":"{}"},"notebook":{"notebookId":"3102000447582028"},"clusterId":"0128-200635-4psib3qu","isolationLevel":"WriteSerializable","isBlindAppend":false,"operationMetrics":{"numFiles":"4","numOutputRows":"10539","numOutputBytes":"270282"},"engineInfo":"Databricks-Runtime/10.2.x-scala2.12"}}
