{"commitInfo":{"timestamp":1685021241302,"operation":"WRITE","operationParameters":{"mode":"Overwrite"},"readVersion":0,"isolationLevel":"WriteSerializable","isBlindAppend":false,"operationMetrics":{"numFiles":"1","numOutputRows":"42","numOutputBytes":"2359"},"engineInfo":"Databricks-Runtime/dlt:11.3-delta-pipelines-aadec36-80beb56-fe6af0d-custom-local","txnId":"b91ed73d-8501-450d-9706-15f1ad68d028"}}
{"txn":{"appId":"com.databricks.pipelines.execution.core.enzyme.provenance","version":1685021241208,"lastUpdated":1685021241208}}
{"add":{"path":"part-00000-40a60ef7-cfc7-4880-95bc-c02156d6801b-c000.snappy.parquet","partitionValues":{},"size":2359,"modificationTime":1685021241000,"dataChange":true,"stats":"{\"numRecords\":42,\"minValues\":{\"user_id\":12140,\"age\":\"18-25\",\"gender\":\"F\",\"city\":\"Altadena\",\"state\":\"CA\"},\"maxValues\":{\"user_id\":49296,\"age\":\"95+\",\"gender\":\"O\",\"city\":\"Woodland Hills\",\"state\":\"CA\"},\"nullCount\":{\"user_id\":0,\"age\":0,\"gender\":0,\"city\":0,\"state\":0}}","tags":{"INSERTION_TIME":"1685021241000000","MIN_INSERTION_TIME":"1685021241000000","MAX_INSERTION_TIME":"1685021241000000","OPTIMIZE_TARGET_SIZE":"268435456"}}}
