{"commitInfo":{"timestamp":1685021111175,"operation":"DLT SETUP","operationParameters":{"pipelineId":"3e32b938-91b1-4ad9-8718-91cb2b33322c","updateId":"ff87a6ad-dd0e-4bf2-ab22-02a0f3371a15"},"isolationLevel":"WriteSerializable","isBlindAppend":false,"operationMetrics":{},"engineInfo":"Databricks-Runtime/dlt:11.3-delta-pipelines-aadec36-80beb56-fe6af0d-custom-local","txnId":"edfcfc60-60a2-4292-9d30-b32503f6d9d3"}}
{"protocol":{"minReaderVersion":1,"minWriterVersion":2}}
{"metaData":{"id":"130faedf-2efa-4abb-abd9-818430dab58c","name":"user_bins","format":{"provider":"parquet","options":{}},"schemaString":"{\"type\":\"struct\",\"fields\":[{\"name\":\"user_id\",\"type\":\"long\",\"nullable\":true,\"metadata\":{}},{\"name\":\"age\",\"type\":\"string\",\"nullable\":true,\"metadata\":{}},{\"name\":\"gender\",\"type\":\"string\",\"nullable\":true,\"metadata\":{}},{\"name\":\"city\",\"type\":\"string\",\"nullable\":true,\"metadata\":{}},{\"name\":\"state\",\"type\":\"string\",\"nullable\":true,\"metadata\":{}}]}","partitionColumns":[],"configuration":{"pipelines.metastore.tableName":"`juno_lee_d08r_da_delp_prod`.`user_bins`","pipelines.pipelineId":"3e32b938-91b1-4ad9-8718-91cb2b33322c"},"createdTime":1685021110939}}
