{"commitInfo":{"timestamp":1685021449955,"operation":"WRITE","operationParameters":{"mode":"Overwrite"},"readVersion":1,"isolationLevel":"WriteSerializable","isBlindAppend":false,"operationMetrics":{"numFiles":"1","numOutputRows":"94","numOutputBytes":"2926"},"engineInfo":"Databricks-Runtime/dlt:11.3-delta-pipelines-aadec36-80beb56-fe6af0d-custom-local","txnId":"5ce14535-b643-44dc-aedf-de4b37d7deb2"}}
{"txn":{"appId":"com.databricks.pipelines.execution.core.enzyme.provenance","version":1685021449800,"lastUpdated":1685021449800}}
{"add":{"path":"part-00000-8943cf3b-0cad-4d93-97a8-8627f5d42800-c000.snappy.parquet","partitionValues":{},"size":2926,"modificationTime":1685021450000,"dataChange":true,"stats":"{\"numRecords\":94,\"minValues\":{\"user_id\":11745,\"age\":\"18-25\",\"gender\":\"F\",\"city\":\"Alhambra\",\"state\":\"CA\"},\"maxValues\":{\"user_id\":49835,\"age\":\"95+\",\"gender\":\"M\",\"city\":\"Woodland Hills\",\"state\":\"CA\"},\"nullCount\":{\"user_id\":0,\"age\":0,\"gender\":0,\"city\":0,\"state\":0}}","tags":{"INSERTION_TIME":"1685021450000000","MIN_INSERTION_TIME":"1685021450000000","MAX_INSERTION_TIME":"1685021450000000","OPTIMIZE_TARGET_SIZE":"268435456"}}}
{"remove":{"path":"part-00000-40a60ef7-cfc7-4880-95bc-c02156d6801b-c000.snappy.parquet","deletionTimestamp":1685021449770,"dataChange":true,"extendedFileMetadata":true,"partitionValues":{},"size":2359,"tags":{"INSERTION_TIME":"1685021241000000","MIN_INSERTION_TIME":"1685021241000000","MAX_INSERTION_TIME":"1685021241000000","OPTIMIZE_TARGET_SIZE":"268435456"}}}
