{"protocol":{"minReaderVersion":1,"minWriterVersion":2}}
{"metaData":{"id":"0acdb449-9b2f-443e-998c-2685de28d985","format":{"provider":"parquet","options":{}},"schemaString":"{\"type\":\"struct\",\"fields\":[{\"name\":\"device\",\"type\":\"string\",\"nullable\":true,\"metadata\":{}},{\"name\":\"ecommerce\",\"type\":{\"type\":\"struct\",\"fields\":[{\"name\":\"purchase_revenue_in_usd\",\"type\":\"double\",\"nullable\":true,\"metadata\":{}},{\"name\":\"total_item_quantity\",\"type\":\"long\",\"nullable\":true,\"metadata\":{}},{\"name\":\"unique_items\",\"type\":\"long\",\"nullable\":true,\"metadata\":{}}]},\"nullable\":true,\"metadata\":{}},{\"name\":\"event_name\",\"type\":\"string\",\"nullable\":true,\"metadata\":{}},{\"name\":\"event_previous_timestamp\",\"type\":\"long\",\"nullable\":true,\"metadata\":{}},{\"name\":\"event_timestamp\",\"type\":\"long\",\"nullable\":true,\"metadata\":{}},{\"name\":\"geo\",\"type\":{\"type\":\"struct\",\"fields\":[{\"name\":\"city\",\"type\":\"string\",\"nullable\":true,\"metadata\":{}},{\"name\":\"state\",\"type\":\"string\",\"nullable\":true,\"metadata\":{}}]},\"nullable\":true,\"metadata\":{}},{\"name\":\"items\",\"type\":{\"type\":\"array\",\"elementType\":{\"type\":\"struct\",\"fields\":[{\"name\":\"coupon\",\"type\":\"string\",\"nullable\":true,\"metadata\":{}},{\"name\":\"item_id\",\"type\":\"string\",\"nullable\":true,\"metadata\":{}},{\"name\":\"item_name\",\"type\":\"string\",\"nullable\":true,\"metadata\":{}},{\"name\":\"item_revenue_in_usd\",\"type\":\"double\",\"nullable\":true,\"metadata\":{}},{\"name\":\"price_in_usd\",\"type\":\"double\",\"nullable\":true,\"metadata\":{}},{\"name\":\"quantity\",\"type\":\"long\",\"nullable\":true,\"metadata\":{}}]},\"containsNull\":true},\"nullable\":true,\"metadata\":{}},{\"name\":\"traffic_source\",\"type\":\"string\",\"nullable\":true,\"metadata\":{}},{\"name\":\"user_first_touch_timestamp\",\"type\":\"long\",\"nullable\":true,\"metadata\":{}},{\"name\":\"user_id\",\"type\":\"string\",\"nullable\":true,\"metadata\":{}}]}","partitionColumns":[],"configuration":{},"createdTime":1663874322349}}
{"add":{"path":"part-00000-2db104e1-d214-4072-9ddb-368268253c5f-c000.snappy.parquet","partitionValues":{},"size":14998213,"modificationTime":1663874328000,"dataChange":true,"stats":"{\"numRecords\":485696,\"minValues\":{\"device\":\"Android\",\"ecommerce\":{\"purchase_revenue_in_usd\":53.1,\"total_item_quantity\":1,\"unique_items\":1},\"event_name\":\"add_item\",\"event_previous_timestamp\":1592205687627986,\"event_timestamp\":1592539212858607,\"geo\":{\"city\":\"Abbeville\",\"state\":\"AK\"},\"traffic_source\":\"direct\",\"user_first_touch_timestamp\":1592205125802184,\"user_id\":\"UA000000102359929\"},\"maxValues\":{\"device\":\"macOS\",\"ecommerce\":{\"purchase_revenue_in_usd\":4351.5,\"total_item_quantity\":4,\"unique_items\":4},\"event_name\":\"warranty\",\"event_previous_timestamp\":1593879287705053,\"event_timestamp\":1593879299254455,\"geo\":{\"city\":\"Zion\",\"state\":\"WY\"},\"traffic_source\":\"youtube\",\"user_first_touch_timestamp\":1593879298321389,\"user_id\":\"UA000000107383208\"},\"nullCount\":{\"device\":0,\"ecommerce\":{\"purchase_revenue_in_usd\":476640,\"total_item_quantity\":476640,\"unique_items\":476640},\"event_name\":0,\"event_previous_timestamp\":203786,\"event_timestamp\":0,\"geo\":{\"city\":0,\"state\":0},\"items\":0,\"traffic_source\":0,\"user_first_touch_timestamp\":0,\"user_id\":0}}","tags":{"INSERTION_TIME":"1663874328000000","OPTIMIZE_TARGET_SIZE":"268435456"}}}
{"commitInfo":{"timestamp":1663874328586,"userId":"8598139271121446","userName":"jacob.parr@databricks.com","operation":"WRITE","operationParameters":{"mode":"ErrorIfExists","partitionBy":"[]"},"notebook":{"notebookId":"1148970101564436"},"clusterId":"1117-212444-7o693v9s","isolationLevel":"WriteSerializable","isBlindAppend":true,"operationMetrics":{"numFiles":"1","numOutputRows":"485696","numOutputBytes":"14998213"},"engineInfo":"Databricks-Runtime/10.4.x-scala2.12","txnId":"55f96081-10b1-47e3-bbe7-3971df0c2f83"}}
