{"protocol":{"minReaderVersion":1,"minWriterVersion":2}}
{"metaData":{"id":"ef536d98-b8fe-4c7f-99fe-3dcc7c149068","format":{"provider":"parquet","options":{}},"schemaString":"{\"type\":\"struct\",\"fields\":[{\"name\":\"order_id\",\"type\":\"long\",\"nullable\":true,\"metadata\":{}},{\"name\":\"email\",\"type\":\"string\",\"nullable\":true,\"metadata\":{}},{\"name\":\"transaction_timestamp\",\"type\":\"long\",\"nullable\":true,\"metadata\":{}},{\"name\":\"total_item_quantity\",\"type\":\"long\",\"nullable\":true,\"metadata\":{}},{\"name\":\"purchase_revenue_in_usd\",\"type\":\"double\",\"nullable\":true,\"metadata\":{}},{\"name\":\"unique_items\",\"type\":\"long\",\"nullable\":true,\"metadata\":{}},{\"name\":\"items\",\"type\":{\"type\":\"array\",\"elementType\":{\"type\":\"struct\",\"fields\":[{\"name\":\"coupon\",\"type\":\"string\",\"nullable\":true,\"metadata\":{}},{\"name\":\"item_id\",\"type\":\"string\",\"nullable\":true,\"metadata\":{}},{\"name\":\"item_name\",\"type\":\"string\",\"nullable\":true,\"metadata\":{}},{\"name\":\"item_revenue_in_usd\",\"type\":\"double\",\"nullable\":true,\"metadata\":{}},{\"name\":\"price_in_usd\",\"type\":\"double\",\"nullable\":true,\"metadata\":{}},{\"name\":\"quantity\",\"type\":\"long\",\"nullable\":true,\"metadata\":{}}]},\"containsNull\":true},\"nullable\":true,\"metadata\":{}}]}","partitionColumns":[],"configuration":{},"createdTime":1663873574305}}
{"add":{"path":"part-00000-96740736-bc4b-4a6e-92eb-73c231592e1f-c000.snappy.parquet","partitionValues":{},"size":334212,"modificationTime":1663873575000,"dataChange":true,"stats":"{\"numRecords\":10510,\"minValues\":{\"order_id\":257436,\"email\":\"aaron08@stout.info\",\"transaction_timestamp\":1592193956703494,\"total_item_quantity\":1,\"purchase_revenue_in_usd\":53.1,\"unique_items\":1},\"maxValues\":{\"order_id\":467758,\"email\":\"zwilson@perry.info\",\"transaction_timestamp\":1593879179012502,\"total_item_quantity\":4,\"purchase_revenue_in_usd\":4351.5,\"unique_items\":4},\"nullCount\":{\"order_id\":0,\"email\":0,\"transaction_timestamp\":0,\"total_item_quantity\":0,\"purchase_revenue_in_usd\":0,\"unique_items\":0,\"items\":0}}","tags":{"INSERTION_TIME":"1663873575000000","OPTIMIZE_TARGET_SIZE":"268435456"}}}
{"commitInfo":{"timestamp":1663873576116,"userId":"8598139271121446","userName":"jacob.parr@databricks.com","operation":"WRITE","operationParameters":{"mode":"ErrorIfExists","partitionBy":"[]"},"notebook":{"notebookId":"1148970101564436"},"clusterId":"1117-212444-7o693v9s","isolationLevel":"WriteSerializable","isBlindAppend":true,"operationMetrics":{"numFiles":"1","numOutputRows":"10510","numOutputBytes":"334212"},"engineInfo":"Databricks-Runtime/10.4.x-scala2.12","txnId":"501a4e2d-6a0e-43b3-a9e5-3398c8311069"}}
