{"commitInfo":{"timestamp":1683807078573,"operation":"STREAMING UPDATE","operationParameters":{"outputMode":"Append","queryId":"341101c2-99fd-4bce-99cc-64c2f0d19e77","epochId":"0"},"readVersion":0,"isolationLevel":"WriteSerializable","isBlindAppend":true,"operationMetrics":{"numRemovedFiles":"0","numOutputRows":"417164","numOutputBytes":"4887240","numAddedFiles":"1"},"engineInfo":"Databricks-Runtime/dlt:11.3-delta-pipelines-e09d063-80beb56-c5444f5-custom-local","txnId":"d9a8f3e4-bf94-4636-9c71-adf0bc44e85f"}}
{"txn":{"appId":"341101c2-99fd-4bce-99cc-64c2f0d19e77","version":0,"lastUpdated":1683807078572}}
{"add":{"path":"part-00000-659487cc-fd34-4130-bf09-dbc60bb147ed-c000.snappy.parquet","partitionValues":{},"size":4887240,"modificationTime":1683807079000,"dataChange":true,"stats":"{\"numRecords\":417164,\"minValues\":{\"device_id\":102558,\"time\":\"2019-12-01T00:00:00.000Z\",\"heartrate\":-113.96625039380099},\"maxValues\":{\"device_id\":198867,\"time\":\"2019-12-01T23:59:53.000Z\",\"heartrate\":161.21548485674015},\"nullCount\":{\"device_id\":0,\"time\":0,\"heartrate\":0}}","tags":{"INSERTION_TIME":"1683807079000000","MIN_INSERTION_TIME":"1683807079000000","MAX_INSERTION_TIME":"1683807079000000","OPTIMIZE_TARGET_SIZE":"268435456"}}}
