{"commitInfo":{"timestamp":1683807027460,"operation":"DLT SETUP","operationParameters":{"pipelineId":"eebe1c25-1aa2-4b9b-8ac6-1601fd4f9d53","updateId":"2ae4f3c7-962f-4b71-ae22-3a4760b51974"},"isolationLevel":"WriteSerializable","isBlindAppend":false,"operationMetrics":{},"engineInfo":"Databricks-Runtime/dlt:11.3-delta-pipelines-e09d063-80beb56-c5444f5-custom-local","txnId":"a96a3872-f28c-4454-a099-044c8d59981f"}}
{"protocol":{"minReaderVersion":1,"minWriterVersion":2}}
{"metaData":{"id":"3b77e7d1-c8f2-46ed-a779-89b367253f8f","name":"bpm_bronze","description":"Parsed streaming data for bronze bpm records","format":{"provider":"parquet","options":{}},"schemaString":"{\"type\":\"struct\",\"fields\":[{\"name\":\"device_id\",\"type\":\"long\",\"nullable\":true,\"metadata\":{}},{\"name\":\"time\",\"type\":\"timestamp\",\"nullable\":true,\"metadata\":{}},{\"name\":\"heartrate\",\"type\":\"double\",\"nullable\":true,\"metadata\":{}}]}","partitionColumns":[],"configuration":{"quality":"bronze","pipelines.metastore.tableName":"`juno_kzf6_da_delp_prod`.`bpm_bronze`","pipelines.pipelineId":"eebe1c25-1aa2-4b9b-8ac6-1601fd4f9d53"},"createdTime":1683807027179}}
