{"commitInfo":{"timestamp":1683807288578,"operation":"STREAMING UPDATE","operationParameters":{"outputMode":"Append","queryId":"341101c2-99fd-4bce-99cc-64c2f0d19e77","epochId":"1"},"readVersion":1,"isolationLevel":"WriteSerializable","isBlindAppend":true,"operationMetrics":{"numRemovedFiles":"0","numOutputRows":"10423181","numOutputBytes":"153855827","numAddedFiles":"1"},"engineInfo":"Databricks-Runtime/dlt:11.3-delta-pipelines-e09d063-80beb56-c5444f5-custom-local","txnId":"945f554a-8276-438a-b325-9b417292e47e"}}
{"txn":{"appId":"341101c2-99fd-4bce-99cc-64c2f0d19e77","version":1,"lastUpdated":1683807288578}}
{"add":{"path":"part-00000-ec0fc2fd-d772-41cc-a054-8dad41a5800e-c000.snappy.parquet","partitionValues":{},"size":153855827,"modificationTime":1683807288000,"dataChange":true,"stats":"{\"numRecords\":10423181,\"minValues\":{\"device_id\":101589,\"time\":\"2019-12-01T23:59:50.000Z\",\"heartrate\":-117.17182549247057},\"maxValues\":{\"device_id\":198867,\"time\":\"2019-12-16T16:59:44.000Z\",\"heartrate\":181.24190076274596},\"nullCount\":{\"device_id\":0,\"time\":0,\"heartrate\":0}}","tags":{"INSERTION_TIME":"1683807288000000","MIN_INSERTION_TIME":"1683807288000000","MAX_INSERTION_TIME":"1683807288000000","OPTIMIZE_TARGET_SIZE":"268435456"}}}
