[{"order_id":75395,"status_timestamp":1641340932,"order_status":"placed"},{"order_id":75396,"status_timestamp":1641346067,"order_status":"placed"},{"order_id":75397,"status_timestamp":1641347363,"order_status":"placed"},{"order_id":75398,"status_timestamp":1641350237,"order_status":"placed"},{"order_id":75399,"status_timestamp":1641351695,"order_status":"placed"},{"order_id":75400,"status_timestamp":1641351885,"order_status":"placed"},{"order_id":75401,"status_timestamp":1641352680,"order_status":"placed"},{"order_id":75402,"status_timestamp":1641355135,"order_status":"placed"},{"order_id":75403,"status_timestamp":1641356353,"order_status":"placed"},{"order_id":75404,"status_timestamp":1641357301,"order_status":"placed"},{"order_id":75405,"status_timestamp":1641370042,"order_status":"placed"},{"order_id":75406,"status_timestamp":1641371361,"order_status":"placed"},{"order_id":75407,"status_timestamp":1641379389,"order_status":"placed"},{"order_id":75408,"status_timestamp":1641383148,"order_status":"placed"},{"order_id":75409,"status_timestamp":1641383285,"order_status":"placed"},{"order_id":75410,"status_timestamp":1641385650,"order_status":"placed"},{"order_id":75411,"status_timestamp":1641386212,"order_status":"placed"},{"order_id":75412,"status_timestamp":1641389701,"order_status":"placed"},{"order_id":75413,"status_timestamp":1641403207,"order_status":"placed"},{"order_id":75414,"status_timestamp":1641403430,"order_status":"placed"},{"order_id":75415,"status_timestamp":1641404865,"order_status":"placed"},{"order_id":75416,"status_timestamp":1641406941,"order_status":"placed"},{"order_id":75417,"status_timestamp":1641408661,"order_status":"placed"},{"order_id":75418,"status_timestamp":1641408948,"order_status":"placed"},{"order_id":75419,"status_timestamp":1641409458,"order_status":"placed"},{"order_id":75277,"status_timestamp":1641367990,"order_status":"delivered"},{"order_id":75278,"status_timestamp":1641375171,"order_status":"delivered"},{"order_id":75281,"status_timestamp":1641355210,"order_status":"on the way"},{"order_id":75289,"status_timestamp":1641352910,"order_status":"return processed"},{"order_id":75301,"status_timestamp":1641370794,"order_status":"delivered"},{"order_id":75305,"status_timestamp":1641395342,"order_status":"delivered"},{"order_id":75307,"status_timestamp":1641352161,"order_status":"preparing"},{"order_id":75308,"status_timestamp":1641360097,"order_status":"on the way"},{"order_id":75310,"status_timestamp":1641365217,"order_status":"on the way"},{"order_id":75311,"status_timestamp":1641356666,"order_status":"delivered"},{"order_id":75312,"status_timestamp":1641355449,"order_status":"canceled"},{"order_id":75313,"status_timestamp":1641367365,"order_status":"preparing"},{"order_id":75314,"status_timestamp":1641357700,"order_status":"preparing"},{"order_id":75324,"status_timestamp":1641419908,"order_status":"preparing"},{"order_id":75325,"status_timestamp":1641386128,"order_status":"on the way"},{"order_id":75325,"status_timestamp":1641380273,"order_status":"return requested"},{"order_id":75326,"status_timestamp":1641375643,"order_status":"on the way"},{"order_id":75326,"status_timestamp":1641349931,"order_status":"delivered"},{"order_id":75327,"status_timestamp":1641424839,"order_status":"preparing"},{"order_id":75329,"status_timestamp":1641346743,"order_status":"delivered"},{"order_id":75330,"status_timestamp":1641399469,"order_status":"on the way"},{"order_id":75334,"status_timestamp":1641367065,"order_status":"delivered"},{"order_id":75335,"status_timestamp":1641375363,"order_status":"preparing"},{"order_id":75335,"status_timestamp":1641418963,"order_status":"on the way"},{"order_id":75335,"status_timestamp":1641381656,"order_status":"delivered"},{"order_id":75336,"status_timestamp":1641387900,"order_status":"on the way"},{"order_id":75337,"status_timestamp":1641414664,"order_status":"preparing"},{"order_id":75338,"status_timestamp":1641370634,"order_status":"preparing"},{"order_id":75338,"status_timestamp":1641397936,"order_status":"delivered"},{"order_id":75339,"status_timestamp":1641365139,"order_status":"preparing"},{"order_id":75340,"status_timestamp":1641366603,"order_status":"delivered"},{"order_id":75342,"status_timestamp":1641390040,"order_status":"delivered"},{"order_id":75343,"status_timestamp":1641360698,"order_status":"return picked up"},{"order_id":75343,"status_timestamp":1641418691,"order_status":"return processed"},{"order_id":75344,"status_timestamp":1641391995,"order_status":"on the way"},{"order_id":75345,"status_timestamp":1641394709,"order_status":"preparing"},{"order_id":75345,"status_timestamp":1641348825,"order_status":"on the way"},{"order_id":75345,"status_timestamp":1641418840,"order_status":"delivered"},{"order_id":75345,"status_timestamp":1641389352,"order_status":"return requested"},{"order_id":75345,"status_timestamp":1641369612,"order_status":"return processed"},{"order_id":75346,"status_timestamp":1641392391,"order_status":"preparing"},{"order_id":75346,"status_timestamp":1641345822,"order_status":"delivered"},{"order_id":75347,"status_timestamp":1641362194,"order_status":"preparing"},{"order_id":75347,"status_timestamp":1641386982,"order_status":"on the way"},{"order_id":75347,"status_timestamp":1641382098,"order_status":"delivered"},{"order_id":75348,"status_timestamp":1641408183,"order_status":"on the way"},{"order_id":75349,"status_timestamp":1641410362,"order_status":"preparing"},{"order_id":75350,"status_timestamp":1641402154,"order_status":"delivered"},{"order_id":75354,"status_timestamp":1641403086,"order_status":"canceled"},{"order_id":75355,"status_timestamp":1641360742,"order_status":"on the way"},{"order_id":75357,"status_timestamp":1641370899,"order_status":"preparing"},{"order_id":75357,"status_timestamp":1641372650,"order_status":"return requested"},{"order_id":75357,"status_timestamp":1641419873,"order_status":"return picked up"},{"order_id":75358,"status_timestamp":1641412311,"order_status":"preparing"},{"order_id":75358,"status_timestamp":1641375851,"order_status":"on the way"},{"order_id":75358,"status_timestamp":1641426643,"order_status":"delivered"},{"order_id":75359,"status_timestamp":1641426974,"order_status":"on the way"},{"order_id":75359,"status_timestamp":1641395295,"order_status":"delivered"},{"order_id":75360,"status_timestamp":1641386327,"order_status":"preparing"},{"order_id":75360,"status_timestamp":1641412144,"order_status":"on the way"},{"order_id":75361,"status_timestamp":1641382386,"order_status":"delivered"},{"order_id":75361,"status_timestamp":1641358290,"order_status":"return picked up"},{"order_id":75361,"status_timestamp":1641379533,"order_status":"return processed"},{"order_id":75362,"status_timestamp":1641362635,"order_status":"preparing"},{"order_id":75362,"status_timestamp":1641376299,"order_status":"delivered"},{"order_id":75364,"status_timestamp":1641375811,"order_status":"preparing"},{"order_id":75366,"status_timestamp":1641403357,"order_status":"preparing"},{"order_id":75366,"status_timestamp":1641405897,"order_status":"delivered"},{"order_id":75367,"status_timestamp":1641378746,"order_status":"delivered"},{"order_id":75368,"status_timestamp":1641384979,"order_status":"on the way"},{"order_id":75368,"status_timestamp":1641410920,"order_status":"delivered"},{"order_id":75370,"status_timestamp":1641385434,"order_status":"preparing"},{"order_id":75371,"status_timestamp":1641402251,"order_status":"preparing"},{"order_id":75373,"status_timestamp":1641368470,"order_status":"delivered"},{"order_id":75374,"status_timestamp":1641355158,"order_status":"on the way"},{"order_id":75375,"status_timestamp":1641371986,"order_status":"delivered"},{"order_id":75375,"status_timestamp":1641385987,"order_status":"return requested"},{"order_id":75376,"status_timestamp":1641365917,"order_status":"return requested"},{"order_id":75376,"status_timestamp":1641385431,"order_status":"return processed"},{"order_id":75377,"status_timestamp":1641378555,"order_status":"on the way"},{"order_id":75379,"status_timestamp":1641371968,"order_status":"delivered"},{"order_id":75380,"status_timestamp":1641417718,"order_status":"preparing"},{"order_id":75380,"status_timestamp":1641398281,"order_status":"delivered"},{"order_id":75382,"status_timestamp":1641425005,"order_status":"delivered"},{"order_id":75384,"status_timestamp":1641385573,"order_status":"preparing"},{"order_id":75385,"status_timestamp":1641385173,"order_status":"delivered"},{"order_id":75386,"status_timestamp":1641396142,"order_status":"on the way"},{"order_id":75389,"status_timestamp":1641404079,"order_status":"preparing"},{"order_id":75390,"status_timestamp":1641413220,"order_status":"preparing"}]