[{"order_id":75420,"status_timestamp":1641429955,"order_status":"placed"},{"order_id":75421,"status_timestamp":1641431581,"order_status":"placed"},{"order_id":75422,"status_timestamp":1641438393,"order_status":"placed"},{"order_id":75423,"status_timestamp":1641442445,"order_status":"placed"},{"order_id":75424,"status_timestamp":1641447483,"order_status":"placed"},{"order_id":75425,"status_timestamp":1641451622,"order_status":"placed"},{"order_id":75426,"status_timestamp":1641451765,"order_status":"placed"},{"order_id":75427,"status_timestamp":1641454284,"order_status":"placed"},{"order_id":75428,"status_timestamp":1641454335,"order_status":"placed"},{"order_id":75429,"status_timestamp":1641454565,"order_status":"placed"},{"order_id":75430,"status_timestamp":1641455089,"order_status":"placed"},{"order_id":75431,"status_timestamp":1641456163,"order_status":"placed"},{"order_id":75432,"status_timestamp":1641458092,"order_status":"placed"},{"order_id":75433,"status_timestamp":1641465371,"order_status":"placed"},{"order_id":75434,"status_timestamp":1641466831,"order_status":"placed"},{"order_id":75435,"status_timestamp":1641470452,"order_status":"placed"},{"order_id":75436,"status_timestamp":1641471085,"order_status":"placed"},{"order_id":75437,"status_timestamp":1641473100,"order_status":"placed"},{"order_id":75438,"status_timestamp":1641491842,"order_status":"placed"},{"order_id":75439,"status_timestamp":1641496191,"order_status":"placed"},{"order_id":75440,"status_timestamp":1641502952,"order_status":"placed"},{"order_id":75441,"status_timestamp":1641503466,"order_status":"placed"},{"order_id":75442,"status_timestamp":1641505922,"order_status":"placed"},{"order_id":75443,"status_timestamp":1641509410,"order_status":"placed"},{"order_id":75286,"status_timestamp":1641439675,"order_status":"preparing"},{"order_id":75293,"status_timestamp":1641471543,"order_status":"reported shipping error"},{"order_id":75315,"status_timestamp":1641449708,"order_status":"on the way"},{"order_id":75315,"status_timestamp":1641427612,"order_status":"delivered"},{"order_id":75316,"status_timestamp":1641434993,"order_status":"delivered"},{"order_id":75322,"status_timestamp":1641464318,"order_status":"preparing"},{"order_id":75330,"status_timestamp":1641502101,"order_status":"preparing"},{"order_id":75331,"status_timestamp":1641495149,"order_status":"on the way"},{"order_id":75331,"status_timestamp":1641439695,"order_status":"return processed"},{"order_id":75336,"status_timestamp":1641464124,"order_status":"preparing"},{"order_id":75336,"status_timestamp":1641445312,"order_status":"delivered"},{"order_id":75338,"status_timestamp":1641470508,"order_status":"on the way"},{"order_id":75340,"status_timestamp":1641469003,"order_status":"on the way"},{"order_id":75342,"status_timestamp":1641470657,"order_status":"preparing"},{"order_id":75342,"status_timestamp":1641431028,"order_status":"on the way"},{"order_id":75343,"status_timestamp":1641440983,"order_status":"preparing"},{"order_id":75344,"status_timestamp":1641456020,"order_status":"preparing"},{"order_id":75344,"status_timestamp":1641458891,"order_status":"delivered"},{"order_id":75346,"status_timestamp":1641462230,"order_status":"on the way"},{"order_id":75346,"status_timestamp":1641495655,"order_status":"return requested"},{"order_id":75348,"status_timestamp":1641471298,"order_status":"preparing"},{"order_id":75350,"status_timestamp":1641466526,"order_status":"preparing"},{"order_id":75350,"status_timestamp":1641428369,"order_status":"on the way"},{"order_id":75352,"status_timestamp":1641432834,"order_status":"delivered"},{"order_id":75352,"status_timestamp":1641485536,"order_status":"return picked up"},{"order_id":75355,"status_timestamp":1641447514,"order_status":"preparing"},{"order_id":75355,"status_timestamp":1641435700,"order_status":"delivered"},{"order_id":75359,"status_timestamp":1641509633,"order_status":"preparing"},{"order_id":75361,"status_timestamp":1641456126,"order_status":"on the way"},{"order_id":75362,"status_timestamp":1641471663,"order_status":"on the way"},{"order_id":75363,"status_timestamp":1641511302,"order_status":"preparing"},{"order_id":75363,"status_timestamp":1641448620,"order_status":"delivered"},{"order_id":75364,"status_timestamp":1641479034,"order_status":"delivered"},{"order_id":75364,"status_timestamp":1641470946,"order_status":"return requested"},{"order_id":75364,"status_timestamp":1641473323,"order_status":"return processed"},{"order_id":75368,"status_timestamp":1641444621,"order_status":"preparing"},{"order_id":75370,"status_timestamp":1641456792,"order_status":"on the way"},{"order_id":75370,"status_timestamp":1641440146,"order_status":"delivered"},{"order_id":75370,"status_timestamp":1641492699,"order_status":"return processed"},{"order_id":75373,"status_timestamp":1641429374,"order_status":"preparing"},{"order_id":75374,"status_timestamp":1641494929,"order_status":"preparing"},{"order_id":75374,"status_timestamp":1641477499,"order_status":"delivered"},{"order_id":75375,"status_timestamp":1641460879,"order_status":"return processed"},{"order_id":75376,"status_timestamp":1641475178,"order_status":"delivered"},{"order_id":75376,"status_timestamp":1641460835,"order_status":"return picked up"},{"order_id":75377,"status_timestamp":1641447294,"order_status":"preparing"},{"order_id":75378,"status_timestamp":1641439397,"order_status":"preparing"},{"order_id":75378,"status_timestamp":1641495321,"order_status":"on the way"},{"order_id":75378,"status_timestamp":1641465202,"order_status":"return requested"},{"order_id":75378,"status_timestamp":1641480716,"order_status":"return picked up"},{"order_id":75380,"status_timestamp":1641458316,"order_status":"on the way"},{"order_id":75382,"status_timestamp":1641472696,"order_status":"on the way"},{"order_id":75382,"status_timestamp":1641477792,"order_status":"return picked up"},{"order_id":75384,"status_timestamp":1641446881,"order_status":"return requested"},{"order_id":75384,"status_timestamp":1641438827,"order_status":"return processed"},{"order_id":75385,"status_timestamp":1641488442,"order_status":"preparing"},{"order_id":75386,"status_timestamp":1641480824,"order_status":"delivered"},{"order_id":75387,"status_timestamp":1641434317,"order_status":"delivered"},{"order_id":75390,"status_timestamp":1641480432,"order_status":"delivered"},{"order_id":75391,"status_timestamp":1641461700,"order_status":"preparing"},{"order_id":75392,"status_timestamp":1641512917,"order_status":"canceled"},{"order_id":75393,"status_timestamp":1641477335,"order_status":"on the way"},{"order_id":75395,"status_timestamp":1641451299,"order_status":"preparing"},{"order_id":75395,"status_timestamp":1641450570,"order_status":"on the way"},{"order_id":75396,"status_timestamp":1641461338,"order_status":"on the way"},{"order_id":75396,"status_timestamp":1641477609,"order_status":"delivered"},{"order_id":75397,"status_timestamp":1641447340,"order_status":"preparing"},{"order_id":75397,"status_timestamp":1641467380,"order_status":"on the way"},{"order_id":75398,"status_timestamp":1641462168,"order_status":"preparing"},{"order_id":75398,"status_timestamp":1641467071,"order_status":"on the way"},{"order_id":75399,"status_timestamp":1641462902,"order_status":"on the way"},{"order_id":75399,"status_timestamp":1641478269,"order_status":"delivered"},{"order_id":75403,"status_timestamp":1641474096,"order_status":"preparing"},{"order_id":75403,"status_timestamp":1641470966,"order_status":"on the way"},{"order_id":75404,"status_timestamp":1641443726,"order_status":"preparing"},{"order_id":75404,"status_timestamp":1641487382,"order_status":"return requested"},{"order_id":75404,"status_timestamp":1641463945,"order_status":"return canceled"},{"order_id":75405,"status_timestamp":1641464198,"order_status":"preparing"},{"order_id":75405,"status_timestamp":1641479629,"order_status":"on the way"},{"order_id":75406,"status_timestamp":1641482645,"order_status":"delivered"},{"order_id":75407,"status_timestamp":1641470066,"order_status":"canceled"},{"order_id":75408,"status_timestamp":1641470006,"order_status":"delivered"},{"order_id":75409,"status_timestamp":1641477378,"order_status":"preparing"},{"order_id":75409,"status_timestamp":1641492351,"order_status":"return processed"},{"order_id":75410,"status_timestamp":1641501755,"order_status":"delivered"},{"order_id":75411,"status_timestamp":1641496606,"order_status":"on the way"},{"order_id":75417,"status_timestamp":1641510143,"order_status":"on the way"}]