[{"order_id":75444,"status_timestamp":1641515513,"order_status":"placed"},{"order_id":75445,"status_timestamp":1641520286,"order_status":"placed"},{"order_id":75446,"status_timestamp":1641522666,"order_status":"placed"},{"order_id":75447,"status_timestamp":1641529062,"order_status":"placed"},{"order_id":75448,"status_timestamp":1641530082,"order_status":"placed"},{"order_id":75449,"status_timestamp":1641538112,"order_status":"placed"},{"order_id":75450,"status_timestamp":1641541204,"order_status":"placed"},{"order_id":75451,"status_timestamp":1641544126,"order_status":"placed"},{"order_id":75452,"status_timestamp":1641544692,"order_status":"placed"},{"order_id":75453,"status_timestamp":1641545350,"order_status":"placed"},{"order_id":75454,"status_timestamp":1641548491,"order_status":"placed"},{"order_id":75455,"status_timestamp":1641552036,"order_status":"placed"},{"order_id":75456,"status_timestamp":1641553442,"order_status":"placed"},{"order_id":75457,"status_timestamp":1641553862,"order_status":"placed"},{"order_id":75458,"status_timestamp":1641555194,"order_status":"placed"},{"order_id":75459,"status_timestamp":1641557450,"order_status":"placed"},{"order_id":75460,"status_timestamp":1641559263,"order_status":"placed"},{"order_id":75461,"status_timestamp":1641562873,"order_status":"placed"},{"order_id":75462,"status_timestamp":1641564276,"order_status":"placed"},{"order_id":75463,"status_timestamp":1641567455,"order_status":"placed"},{"order_id":75464,"status_timestamp":1641570686,"order_status":"placed"},{"order_id":75465,"status_timestamp":1641577033,"order_status":"placed"},{"order_id":75466,"status_timestamp":1641581205,"order_status":"placed"},{"order_id":75467,"status_timestamp":1641594320,"order_status":"placed"},{"order_id":75332,"status_timestamp":1641563045,"order_status":"delivered"},{"order_id":75341,"status_timestamp":1641517609,"order_status":"delivered"},{"order_id":75343,"status_timestamp":1641561775,"order_status":"return requested"},{"order_id":75349,"status_timestamp":1641531996,"order_status":"on the way"},{"order_id":75351,"status_timestamp":1641517527,"order_status":"on the way"},{"order_id":75352,"status_timestamp":1641522341,"order_status":"return processed"},{"order_id":75353,"status_timestamp":1641529511,"order_status":"preparing"},{"order_id":75361,"status_timestamp":1641516932,"order_status":"preparing"},{"order_id":75361,"status_timestamp":1641584475,"order_status":"return requested"},{"order_id":75363,"status_timestamp":1641567466,"order_status":"on the way"},{"order_id":75364,"status_timestamp":1641545183,"order_status":"return picked up"},{"order_id":75366,"status_timestamp":1641546307,"order_status":"on the way"},{"order_id":75367,"status_timestamp":1641535806,"order_status":"preparing"},{"order_id":75369,"status_timestamp":1641541591,"order_status":"on the way"},{"order_id":75369,"status_timestamp":1641538899,"order_status":"delivered"},{"order_id":75370,"status_timestamp":1641548319,"order_status":"return requested"},{"order_id":75370,"status_timestamp":1641534882,"order_status":"return picked up"},{"order_id":75371,"status_timestamp":1641588156,"order_status":"on the way"},{"order_id":75373,"status_timestamp":1641516681,"order_status":"on the way"},{"order_id":75375,"status_timestamp":1641589643,"order_status":"on the way"},{"order_id":75376,"status_timestamp":1641570396,"order_status":"preparing"},{"order_id":75376,"status_timestamp":1641516979,"order_status":"on the way"},{"order_id":75377,"status_timestamp":1641572826,"order_status":"delivered"},{"order_id":75378,"status_timestamp":1641516781,"order_status":"delivered"},{"order_id":75378,"status_timestamp":1641599440,"order_status":"return processed"},{"order_id":75379,"status_timestamp":1641523305,"order_status":"preparing"},{"order_id":75379,"status_timestamp":1641598833,"order_status":"on the way"},{"order_id":75381,"status_timestamp":1641555711,"order_status":"preparing"},{"order_id":75381,"status_timestamp":1641574472,"order_status":"delivered"},{"order_id":75382,"status_timestamp":1641527905,"order_status":"return processed"},{"order_id":75383,"status_timestamp":1641528476,"order_status":"canceled"},{"order_id":75384,"status_timestamp":1641529929,"order_status":"on the way"},{"order_id":75384,"status_timestamp":1641540208,"order_status":"delivered"},{"order_id":75387,"status_timestamp":1641533501,"order_status":"on the way"},{"order_id":75387,"status_timestamp":1641541823,"order_status":"return picked up"},{"order_id":75387,"status_timestamp":1641548807,"order_status":"return processed"},{"order_id":75388,"status_timestamp":1641535097,"order_status":"canceled"},{"order_id":75389,"status_timestamp":1641579731,"order_status":"delivered"},{"order_id":75390,"status_timestamp":1641594902,"order_status":"on the way"},{"order_id":75391,"status_timestamp":1641526806,"order_status":"on the way"},{"order_id":75391,"status_timestamp":1641582864,"order_status":"delivered"},{"order_id":75393,"status_timestamp":1641532912,"order_status":"delivered"},{"order_id":75394,"status_timestamp":1641536479,"order_status":"on the way"},{"order_id":75394,"status_timestamp":1641553837,"order_status":"delivered"},{"order_id":75395,"status_timestamp":1641542410,"order_status":"delivered"},{"order_id":75396,"status_timestamp":1641590874,"order_status":"preparing"},{"order_id":75397,"status_timestamp":1641589615,"order_status":"delivered"},{"order_id":75398,"status_timestamp":1641525904,"order_status":"delivered"},{"order_id":75399,"status_timestamp":1641541537,"order_status":"preparing"},{"order_id":75400,"status_timestamp":1641515627,"order_status":"delivered"},{"order_id":75402,"status_timestamp":1641545943,"order_status":"preparing"},{"order_id":75402,"status_timestamp":1641594043,"order_status":"delivered"},{"order_id":75405,"status_timestamp":1641524962,"order_status":"delivered"},{"order_id":75408,"status_timestamp":1641542748,"order_status":"preparing"},{"order_id":75409,"status_timestamp":1641561381,"order_status":"on the way"},{"order_id":75409,"status_timestamp":1641525699,"order_status":"delivered"},{"order_id":75410,"status_timestamp":1641518271,"order_status":"preparing"},{"order_id":75410,"status_timestamp":1641598977,"order_status":"on the way"},{"order_id":75412,"status_timestamp":1641540032,"order_status":"on the way"},{"order_id":75413,"status_timestamp":1641523737,"order_status":"on the way"},{"order_id":75414,"status_timestamp":1641515774,"order_status":"preparing"},{"order_id":75414,"status_timestamp":1641527491,"order_status":"return requested"},{"order_id":75414,"status_timestamp":1641596443,"order_status":"return canceled"},{"order_id":75415,"status_timestamp":1641578775,"order_status":"preparing"},{"order_id":75415,"status_timestamp":1641568401,"order_status":"delivered"},{"order_id":75416,"status_timestamp":1641549025,"order_status":"canceled"},{"order_id":75417,"status_timestamp":1641553646,"order_status":"preparing"},{"order_id":75417,"status_timestamp":1641545790,"order_status":"return picked up"},{"order_id":75417,"status_timestamp":1641574644,"order_status":"return processed"},{"order_id":75418,"status_timestamp":1641570661,"order_status":"delivered"},{"order_id":75419,"status_timestamp":1641553558,"order_status":"preparing"},{"order_id":75419,"status_timestamp":1641549639,"order_status":"on the way"},{"order_id":75420,"status_timestamp":1641533202,"order_status":"on the way"},{"order_id":75420,"status_timestamp":1641578562,"order_status":"delivered"},{"order_id":75421,"status_timestamp":1641546423,"order_status":"delivered"},{"order_id":75422,"status_timestamp":1641530282,"order_status":"preparing"},{"order_id":75422,"status_timestamp":1641533609,"order_status":"on the way"},{"order_id":75422,"status_timestamp":1641536967,"order_status":"delivered"},{"order_id":75424,"status_timestamp":1641549813,"order_status":"delivered"},{"order_id":75425,"status_timestamp":1641566064,"order_status":"preparing"},{"order_id":75425,"status_timestamp":1641576434,"order_status":"on the way"},{"order_id":75425,"status_timestamp":1641588964,"order_status":"delivered"},{"order_id":75426,"status_timestamp":1641581692,"order_status":"on the way"},{"order_id":75426,"status_timestamp":1641553769,"order_status":"delivered"},{"order_id":75427,"status_timestamp":1641564822,"order_status":"preparing"},{"order_id":75432,"status_timestamp":1641568792,"order_status":"delivered"},{"order_id":75432,"status_timestamp":1641592752,"order_status":"return processed"},{"order_id":75433,"status_timestamp":1641569572,"order_status":"preparing"},{"order_id":75433,"status_timestamp":1641568535,"order_status":"delivered"},{"order_id":75433,"status_timestamp":1641567309,"order_status":"return requested"},{"order_id":75433,"status_timestamp":1641591413,"order_status":"return processed"},{"order_id":75434,"status_timestamp":1641590929,"order_status":"on the way"},{"order_id":75434,"status_timestamp":1641565899,"order_status":"delivered"},{"order_id":75435,"status_timestamp":1641599123,"order_status":"preparing"},{"order_id":75435,"status_timestamp":1641585114,"order_status":"delivered"},{"order_id":75437,"status_timestamp":1641561371,"order_status":"on the way"},{"order_id":75437,"status_timestamp":1641580995,"order_status":"delivered"},{"order_id":75440,"status_timestamp":1641594808,"order_status":"on the way"}]