[{"order_id":75493,"status_timestamp":1641686484,"order_status":"placed"},{"order_id":75494,"status_timestamp":1641686884,"order_status":"placed"},{"order_id":75495,"status_timestamp":1641688304,"order_status":"placed"},{"order_id":75496,"status_timestamp":1641688637,"order_status":"placed"},{"order_id":75497,"status_timestamp":1641690477,"order_status":"placed"},{"order_id":75498,"status_timestamp":1641694040,"order_status":"placed"},{"order_id":75499,"status_timestamp":1641697255,"order_status":"placed"},{"order_id":75500,"status_timestamp":1641698073,"order_status":"placed"},{"order_id":75501,"status_timestamp":1641699476,"order_status":"placed"},{"order_id":75502,"status_timestamp":1641700601,"order_status":"placed"},{"order_id":75503,"status_timestamp":1641701941,"order_status":"placed"},{"order_id":75504,"status_timestamp":1641703410,"order_status":"placed"},{"order_id":75505,"status_timestamp":1641716285,"order_status":"placed"},{"order_id":75506,"status_timestamp":1641721286,"order_status":"placed"},{"order_id":75507,"status_timestamp":1641721829,"order_status":"placed"},{"order_id":75508,"status_timestamp":1641722435,"order_status":"placed"},{"order_id":75509,"status_timestamp":1641727220,"order_status":"placed"},{"order_id":75510,"status_timestamp":1641735127,"order_status":"placed"},{"order_id":75511,"status_timestamp":1641739820,"order_status":"placed"},{"order_id":75512,"status_timestamp":1641740622,"order_status":"placed"},{"order_id":75513,"status_timestamp":1641749152,"order_status":"placed"},{"order_id":75514,"status_timestamp":1641749785,"order_status":"placed"},{"order_id":75515,"status_timestamp":1641755854,"order_status":"placed"},{"order_id":75516,"status_timestamp":1641758672,"order_status":"placed"},{"order_id":75517,"status_timestamp":1641760926,"order_status":"placed"},{"order_id":75323,"status_timestamp":1641758745,"order_status":"preparing"},{"order_id":75372,"status_timestamp":1641703526,"order_status":"preparing"},{"order_id":75375,"status_timestamp":1641689528,"order_status":"return picked up"},{"order_id":75382,"status_timestamp":1641748959,"order_status":"preparing"},{"order_id":75384,"status_timestamp":1641751454,"order_status":"return picked up"},{"order_id":75389,"status_timestamp":1641689367,"order_status":"on the way"},{"order_id":75393,"status_timestamp":1641727908,"order_status":"preparing"},{"order_id":75404,"status_timestamp":1641744397,"order_status":"on the way"},{"order_id":75406,"status_timestamp":1641694711,"order_status":"on the way"},{"order_id":75415,"status_timestamp":1641729509,"order_status":"on the way"},{"order_id":75423,"status_timestamp":1641688868,"order_status":"preparing"},{"order_id":75423,"status_timestamp":1641752046,"order_status":"delivered"},{"order_id":75424,"status_timestamp":1641736259,"order_status":"on the way"},{"order_id":75428,"status_timestamp":1641733132,"order_status":"preparing"},{"order_id":75429,"status_timestamp":1641729986,"order_status":"delivered"},{"order_id":75431,"status_timestamp":1641702045,"order_status":"preparing"},{"order_id":75431,"status_timestamp":1641693812,"order_status":"return requested"},{"order_id":75432,"status_timestamp":1641707181,"order_status":"on the way"},{"order_id":75435,"status_timestamp":1641736635,"order_status":"on the way"},{"order_id":75436,"status_timestamp":1641745597,"order_status":"on the way"},{"order_id":75436,"status_timestamp":1641746096,"order_status":"delivered"},{"order_id":75439,"status_timestamp":1641714956,"order_status":"on the way"},{"order_id":75439,"status_timestamp":1641737318,"order_status":"return requested"},{"order_id":75439,"status_timestamp":1641687131,"order_status":"return picked up"},{"order_id":75440,"status_timestamp":1641711834,"order_status":"preparing"},{"order_id":75440,"status_timestamp":1641698563,"order_status":"delivered"},{"order_id":75441,"status_timestamp":1641772750,"order_status":"preparing"},{"order_id":75441,"status_timestamp":1641713142,"order_status":"on the way"},{"order_id":75442,"status_timestamp":1641758390,"order_status":"on the way"},{"order_id":75443,"status_timestamp":1641740246,"order_status":"on the way"},{"order_id":75443,"status_timestamp":1641705064,"order_status":"return requested"},{"order_id":75444,"status_timestamp":1641731237,"order_status":"on the way"},{"order_id":75444,"status_timestamp":1641726094,"order_status":"delivered"},{"order_id":75445,"status_timestamp":1641767946,"order_status":"delivered"},{"order_id":75446,"status_timestamp":1641723967,"order_status":"return requested"},{"order_id":75450,"status_timestamp":1641704085,"order_status":"delivered"},{"order_id":75452,"status_timestamp":1641688781,"order_status":"preparing"},{"order_id":75452,"status_timestamp":1641770652,"order_status":"on the way"},{"order_id":75453,"status_timestamp":1641711556,"order_status":"preparing"},{"order_id":75455,"status_timestamp":1641737498,"order_status":"on the way"},{"order_id":75456,"status_timestamp":1641713524,"order_status":"delivered"},{"order_id":75457,"status_timestamp":1641771934,"order_status":"on the way"},{"order_id":75457,"status_timestamp":1641745195,"order_status":"delivered"},{"order_id":75458,"status_timestamp":1641692430,"order_status":"delivered"},{"order_id":75458,"status_timestamp":1641698531,"order_status":"return canceled"},{"order_id":75459,"status_timestamp":1641750726,"order_status":"preparing"},{"order_id":75459,"status_timestamp":1641763811,"order_status":"on the way"},{"order_id":75459,"status_timestamp":1641763704,"order_status":"return processed"},{"order_id":75460,"status_timestamp":1641749213,"order_status":"on the way"},{"order_id":75461,"status_timestamp":1641762285,"order_status":"preparing"},{"order_id":75463,"status_timestamp":1641755578,"order_status":"preparing"},{"order_id":75463,"status_timestamp":1641694988,"order_status":"return requested"},{"order_id":75463,"status_timestamp":1641724107,"order_status":"return picked up"},{"order_id":75464,"status_timestamp":1641705998,"order_status":"canceled"},{"order_id":75465,"status_timestamp":1641689885,"order_status":"on the way"},{"order_id":75465,"status_timestamp":1641692924,"order_status":"delivered"},{"order_id":75466,"status_timestamp":1641732775,"order_status":"delivered"},{"order_id":75468,"status_timestamp":1641734576,"order_status":"preparing"},{"order_id":75468,"status_timestamp":1641752407,"order_status":"on the way"},{"order_id":75469,"status_timestamp":1641733088,"order_status":"preparing"},{"order_id":75469,"status_timestamp":1641742181,"order_status":"on the way"},{"order_id":75469,"status_timestamp":1641718206,"order_status":"delivered"},{"order_id":75473,"status_timestamp":1641769180,"order_status":"canceled"},{"order_id":75475,"status_timestamp":1641721000,"order_status":"on the way"},{"order_id":75475,"status_timestamp":1641740841,"order_status":"delivered"},{"order_id":75477,"status_timestamp":1641755408,"order_status":"on the way"},{"order_id":75479,"status_timestamp":1641720261,"order_status":"delivered"},{"order_id":75486,"status_timestamp":1641749426,"order_status":"delivered"},{"order_id":75487,"status_timestamp":1641759624,"order_status":"preparing"}]