[{"order_id":75569,"status_timestamp":1641948577,"order_status":"placed"},{"order_id":75570,"status_timestamp":1641957202,"order_status":"placed"},{"order_id":75571,"status_timestamp":1641958536,"order_status":"placed"},{"order_id":75572,"status_timestamp":1641959797,"order_status":"placed"},{"order_id":75573,"status_timestamp":1641963194,"order_status":"placed"},{"order_id":75574,"status_timestamp":1641963854,"order_status":"placed"},{"order_id":75575,"status_timestamp":1641964725,"order_status":"placed"},{"order_id":75576,"status_timestamp":1641969761,"order_status":"placed"},{"order_id":75577,"status_timestamp":1641970005,"order_status":"placed"},{"order_id":75578,"status_timestamp":1641972340,"order_status":"placed"},{"order_id":75579,"status_timestamp":1641976222,"order_status":"placed"},{"order_id":75580,"status_timestamp":1641977326,"order_status":"placed"},{"order_id":75581,"status_timestamp":1641979676,"order_status":"placed"},{"order_id":75582,"status_timestamp":1641984142,"order_status":"placed"},{"order_id":75583,"status_timestamp":1641984960,"order_status":"placed"},{"order_id":75584,"status_timestamp":1641991638,"order_status":"placed"},{"order_id":75585,"status_timestamp":1641992051,"order_status":"placed"},{"order_id":75586,"status_timestamp":1641992300,"order_status":"placed"},{"order_id":75587,"status_timestamp":1641994513,"order_status":"placed"},{"order_id":75588,"status_timestamp":1641997906,"order_status":"placed"},{"order_id":75589,"status_timestamp":1641998321,"order_status":"placed"},{"order_id":75590,"status_timestamp":1642013795,"order_status":"placed"},{"order_id":75591,"status_timestamp":1642021947,"order_status":"placed"},{"order_id":75592,"status_timestamp":1642023979,"order_status":"placed"},{"order_id":75451,"status_timestamp":1642016829,"order_status":"canceled"},{"order_id":75460,"status_timestamp":1641955814,"order_status":"preparing"},{"order_id":75461,"status_timestamp":1641983418,"order_status":"on the way"},{"order_id":75467,"status_timestamp":1642007973,"order_status":"preparing"},{"order_id":75470,"status_timestamp":1642001038,"order_status":"preparing"},{"order_id":75470,"status_timestamp":1641988721,"order_status":"on the way"},{"order_id":75476,"status_timestamp":1642027224,"order_status":"return picked up"},{"order_id":75476,"status_timestamp":1641956515,"order_status":"return processed"},{"order_id":75480,"status_timestamp":1641965805,"order_status":"on the way"},{"order_id":75483,"status_timestamp":1641965472,"order_status":"on the way"},{"order_id":75484,"status_timestamp":1641972843,"order_status":"return processed"},{"order_id":75486,"status_timestamp":1642011533,"order_status":"preparing"},{"order_id":75489,"status_timestamp":1641967067,"order_status":"on the way"},{"order_id":75489,"status_timestamp":1641972558,"order_status":"delivered"},{"order_id":75490,"status_timestamp":1642031140,"order_status":"return picked up"},{"order_id":75490,"status_timestamp":1642010313,"order_status":"return processed"},{"order_id":75491,"status_timestamp":1641996785,"order_status":"on the way"},{"order_id":75492,"status_timestamp":1642002646,"order_status":"preparing"},{"order_id":75497,"status_timestamp":1641992251,"order_status":"delivered"},{"order_id":75501,"status_timestamp":1641989486,"order_status":"preparing"},{"order_id":75501,"status_timestamp":1642005727,"order_status":"on the way"},{"order_id":75503,"status_timestamp":1642026408,"order_status":"on the way"},{"order_id":75503,"status_timestamp":1641997997,"order_status":"return requested"},{"order_id":75504,"status_timestamp":1641988323,"order_status":"preparing"},{"order_id":75505,"status_timestamp":1642000069,"order_status":"preparing"},{"order_id":75507,"status_timestamp":1642024576,"order_status":"preparing"},{"order_id":75508,"status_timestamp":1641953595,"order_status":"on the way"},{"order_id":75508,"status_timestamp":1641970661,"order_status":"return requested"},{"order_id":75509,"status_timestamp":1641979152,"order_status":"on the way"},{"order_id":75509,"status_timestamp":1642008075,"order_status":"delivered"},{"order_id":75510,"status_timestamp":1641968373,"order_status":"on the way"},{"order_id":75512,"status_timestamp":1642003813,"order_status":"on the way"},{"order_id":75513,"status_timestamp":1641976751,"order_status":"preparing"},{"order_id":75514,"status_timestamp":1641978913,"order_status":"preparing"},{"order_id":75514,"status_timestamp":1642010452,"order_status":"return requested"},{"order_id":75514,"status_timestamp":1642004855,"order_status":"return processed"},{"order_id":75515,"status_timestamp":1641998651,"order_status":"delivered"},{"order_id":75516,"status_timestamp":1642019214,"order_status":"delivered"},{"order_id":75518,"status_timestamp":1641956656,"order_status":"preparing"},{"order_id":75518,"status_timestamp":1641960034,"order_status":"delivered"},{"order_id":75519,"status_timestamp":1641978297,"order_status":"delivered"},{"order_id":75520,"status_timestamp":1641985195,"order_status":"on the way"},{"order_id":75521,"status_timestamp":1641987664,"order_status":"preparing"},{"order_id":75523,"status_timestamp":1641979546,"order_status":"preparing"},{"order_id":75524,"status_timestamp":1642000600,"order_status":"preparing"},{"order_id":75524,"status_timestamp":1642001885,"order_status":"on the way"},{"order_id":75526,"status_timestamp":1641948441,"order_status":"on the way"},{"order_id":75528,"status_timestamp":1641959168,"order_status":"on the way"},{"order_id":75528,"status_timestamp":1641960618,"order_status":"delivered"},{"order_id":75529,"status_timestamp":1642031950,"order_status":"on the way"},{"order_id":75529,"status_timestamp":1641979247,"order_status":"delivered"},{"order_id":75531,"status_timestamp":1642011695,"order_status":"preparing"},{"order_id":75532,"status_timestamp":1641973604,"order_status":"canceled"},{"order_id":75533,"status_timestamp":1641993900,"order_status":"preparing"},{"order_id":75533,"status_timestamp":1641972527,"order_status":"delivered"},{"order_id":75534,"status_timestamp":1642031297,"order_status":"preparing"},{"order_id":75534,"status_timestamp":1641968647,"order_status":"on the way"},{"order_id":75536,"status_timestamp":1641965615,"order_status":"on the way"},{"order_id":75537,"status_timestamp":1642004124,"order_status":"on the way"},{"order_id":75539,"status_timestamp":1642007884,"order_status":"preparing"},{"order_id":75539,"status_timestamp":1641956805,"order_status":"delivered"},{"order_id":75541,"status_timestamp":1642013925,"order_status":"preparing"},{"order_id":75541,"status_timestamp":1641952173,"order_status":"delivered"},{"order_id":75542,"status_timestamp":1642009148,"order_status":"preparing"},{"order_id":75542,"status_timestamp":1641975728,"order_status":"return picked up"},{"order_id":75543,"status_timestamp":1641948071,"order_status":"on the way"},{"order_id":75543,"status_timestamp":1641949833,"order_status":"return processed"},{"order_id":75548,"status_timestamp":1641997103,"order_status":"on the way"},{"order_id":75549,"status_timestamp":1641983135,"order_status":"on the way"},{"order_id":75549,"status_timestamp":1642010303,"order_status":"delivered"},{"order_id":75550,"status_timestamp":1642013668,"order_status":"canceled"},{"order_id":75551,"status_timestamp":1642023042,"order_status":"canceled"},{"order_id":75552,"status_timestamp":1642020227,"order_status":"preparing"},{"order_id":75552,"status_timestamp":1642023990,"order_status":"return picked up"},{"order_id":75552,"status_timestamp":1641982063,"order_status":"reported shipping error"},{"order_id":75553,"status_timestamp":1642004722,"order_status":"on the way"},{"order_id":75555,"status_timestamp":1642001099,"order_status":"delivered"},{"order_id":75555,"status_timestamp":1641989956,"order_status":"return picked up"},{"order_id":75555,"status_timestamp":1642001852,"order_status":"return processed"},{"order_id":75556,"status_timestamp":1642026801,"order_status":"on the way"},{"order_id":75557,"status_timestamp":1642025276,"order_status":"on the way"},{"order_id":75558,"status_timestamp":1642020009,"order_status":"preparing"},{"order_id":75558,"status_timestamp":1642001573,"order_status":"on the way"},{"order_id":75560,"status_timestamp":1642031644,"order_status":"preparing"},{"order_id":75560,"status_timestamp":1642023422,"order_status":"delivered"},{"order_id":75566,"status_timestamp":1642026316,"order_status":"delivered"}]