[{"order_id":75748,"status_timestamp":1642551228,"order_status":"placed"},{"order_id":75749,"status_timestamp":1642553318,"order_status":"placed"},{"order_id":75750,"status_timestamp":1642554002,"order_status":"placed"},{"order_id":75751,"status_timestamp":1642564224,"order_status":"placed"},{"order_id":75752,"status_timestamp":1642565757,"order_status":"placed"},{"order_id":75753,"status_timestamp":1642567146,"order_status":"placed"},{"order_id":75754,"status_timestamp":1642573173,"order_status":"placed"},{"order_id":75755,"status_timestamp":1642576703,"order_status":"placed"},{"order_id":75756,"status_timestamp":1642579603,"order_status":"placed"},{"order_id":75757,"status_timestamp":1642591709,"order_status":"placed"},{"order_id":75758,"status_timestamp":1642595994,"order_status":"placed"},{"order_id":75759,"status_timestamp":1642597727,"order_status":"placed"},{"order_id":75760,"status_timestamp":1642597753,"order_status":"placed"},{"order_id":75761,"status_timestamp":1642600128,"order_status":"placed"},{"order_id":75762,"status_timestamp":1642603151,"order_status":"placed"},{"order_id":75763,"status_timestamp":1642605244,"order_status":"placed"},{"order_id":75764,"status_timestamp":1642606958,"order_status":"placed"},{"order_id":75765,"status_timestamp":1642608818,"order_status":"placed"},{"order_id":75766,"status_timestamp":1642609314,"order_status":"placed"},{"order_id":75767,"status_timestamp":1642611408,"order_status":"placed"},{"order_id":75768,"status_timestamp":1642618558,"order_status":"placed"},{"order_id":75769,"status_timestamp":1642620155,"order_status":"placed"},{"order_id":75770,"status_timestamp":1642625904,"order_status":"placed"},{"order_id":75771,"status_timestamp":1642631281,"order_status":"placed"},{"order_id":75624,"status_timestamp":1642558458,"order_status":"return processed"},{"order_id":75629,"status_timestamp":1642566862,"order_status":"return picked up"},{"order_id":75632,"status_timestamp":1642551538,"order_status":"preparing"},{"order_id":75636,"status_timestamp":1642559836,"order_status":"return requested"},{"order_id":75640,"status_timestamp":1642564355,"order_status":"delivered"},{"order_id":75643,"status_timestamp":1642553834,"order_status":"on the way"},{"order_id":75647,"status_timestamp":1642569246,"order_status":"preparing"},{"order_id":75654,"status_timestamp":1642558947,"order_status":"preparing"},{"order_id":75654,"status_timestamp":1642587593,"order_status":"delivered"},{"order_id":75656,"status_timestamp":1642552859,"order_status":"preparing"},{"order_id":75657,"status_timestamp":1642567989,"order_status":"delivered"},{"order_id":75661,"status_timestamp":1642568573,"order_status":"delivered"},{"order_id":75662,"status_timestamp":1642557453,"order_status":"on the way"},{"order_id":75665,"status_timestamp":1642599299,"order_status":"preparing"},{"order_id":75666,"status_timestamp":1642600514,"order_status":"delivered"},{"order_id":75668,"status_timestamp":1642592556,"order_status":"preparing"},{"order_id":75669,"status_timestamp":1642554524,"order_status":"on the way"},{"order_id":75670,"status_timestamp":1642590589,"order_status":"delivered"},{"order_id":75671,"status_timestamp":1642636590,"order_status":"preparing"},{"order_id":75678,"status_timestamp":1642593638,"order_status":"on the way"},{"order_id":75679,"status_timestamp":1642584347,"order_status":"on the way"},{"order_id":75681,"status_timestamp":1642606422,"order_status":"preparing"},{"order_id":75682,"status_timestamp":1642571627,"order_status":"delivered"},{"order_id":75683,"status_timestamp":1642591657,"order_status":"preparing"},{"order_id":75683,"status_timestamp":1642620577,"order_status":"delivered"},{"order_id":75683,"status_timestamp":1642610192,"order_status":"return requested"},{"order_id":75686,"status_timestamp":1642594183,"order_status":"on the way"},{"order_id":75686,"status_timestamp":1642590942,"order_status":"delivered"},{"order_id":75687,"status_timestamp":1642563202,"order_status":"on the way"},{"order_id":75688,"status_timestamp":1642561702,"order_status":"on the way"},{"order_id":75688,"status_timestamp":1642624813,"order_status":"delivered"},{"order_id":75689,"status_timestamp":1642551210,"order_status":"on the way"},{"order_id":75690,"status_timestamp":1642587350,"order_status":"preparing"},{"order_id":75690,"status_timestamp":1642616499,"order_status":"on the way"},{"order_id":75691,"status_timestamp":1642552029,"order_status":"on the way"},{"order_id":75691,"status_timestamp":1642598594,"order_status":"delivered"},{"order_id":75692,"status_timestamp":1642601813,"order_status":"return processed"},{"order_id":75694,"status_timestamp":1642617791,"order_status":"delivered"},{"order_id":75695,"status_timestamp":1642572449,"order_status":"on the way"},{"order_id":75695,"status_timestamp":1642576130,"order_status":"delivered"},{"order_id":75696,"status_timestamp":1642564629,"order_status":"preparing"},{"order_id":75697,"status_timestamp":1642591850,"order_status":"preparing"},{"order_id":75697,"status_timestamp":1642570854,"order_status":"delivered"},{"order_id":75700,"status_timestamp":1642551288,"order_status":"on the way"},{"order_id":75700,"status_timestamp":1642593557,"order_status":"return picked up"},{"order_id":75700,"status_timestamp":1642608212,"order_status":"return processed"},{"order_id":75701,"status_timestamp":1642567235,"order_status":"preparing"},{"order_id":75701,"status_timestamp":1642590105,"order_status":"on the way"},{"order_id":75702,"status_timestamp":1642612639,"order_status":"on the way"},{"order_id":75702,"status_timestamp":1642591289,"order_status":"return processed"},{"order_id":75703,"status_timestamp":1642581553,"order_status":"on the way"},{"order_id":75703,"status_timestamp":1642554441,"order_status":"delivered"},{"order_id":75704,"status_timestamp":1642560543,"order_status":"on the way"},{"order_id":75706,"status_timestamp":1642562526,"order_status":"on the way"},{"order_id":75706,"status_timestamp":1642563992,"order_status":"delivered"},{"order_id":75708,"status_timestamp":1642564743,"order_status":"on the way"},{"order_id":75709,"status_timestamp":1642631960,"order_status":"preparing"},{"order_id":75710,"status_timestamp":1642597011,"order_status":"preparing"},{"order_id":75710,"status_timestamp":1642556391,"order_status":"return requested"},{"order_id":75711,"status_timestamp":1642602361,"order_status":"return requested"},{"order_id":75711,"status_timestamp":1642598279,"order_status":"return picked up"},{"order_id":75713,"status_timestamp":1642631025,"order_status":"preparing"},{"order_id":75713,"status_timestamp":1642573615,"order_status":"delivered"},{"order_id":75714,"status_timestamp":1642587551,"order_status":"return picked up"},{"order_id":75715,"status_timestamp":1642591234,"order_status":"preparing"},{"order_id":75716,"status_timestamp":1642635259,"order_status":"on the way"},{"order_id":75717,"status_timestamp":1642579054,"order_status":"preparing"},{"order_id":75719,"status_timestamp":1642608747,"order_status":"preparing"},{"order_id":75719,"status_timestamp":1642562252,"order_status":"on the way"},{"order_id":75720,"status_timestamp":1642634904,"order_status":"preparing"},{"order_id":75720,"status_timestamp":1642592604,"order_status":"on the way"},{"order_id":75721,"status_timestamp":1642576345,"order_status":"delivered"},{"order_id":75722,"status_timestamp":1642616456,"order_status":"preparing"},{"order_id":75722,"status_timestamp":1642610166,"order_status":"on the way"},{"order_id":75724,"status_timestamp":1642615872,"order_status":"preparing"},{"order_id":75724,"status_timestamp":1642624626,"order_status":"delivered"},{"order_id":75725,"status_timestamp":1642627853,"order_status":"on the way"},{"order_id":75726,"status_timestamp":1642571335,"order_status":"canceled"},{"order_id":75727,"status_timestamp":1642614969,"order_status":"preparing"},{"order_id":75727,"status_timestamp":1642603233,"order_status":"on the way"},{"order_id":75728,"status_timestamp":1642602732,"order_status":"delivered"},{"order_id":75730,"status_timestamp":1642608182,"order_status":"preparing"},{"order_id":75730,"status_timestamp":1642628174,"order_status":"on the way"},{"order_id":75734,"status_timestamp":1642599641,"order_status":"delivered"},{"order_id":75735,"status_timestamp":1642625411,"order_status":"preparing"},{"order_id":75739,"status_timestamp":1642636039,"order_status":"on the way"},{"order_id":75740,"status_timestamp":1642618846,"order_status":"delivered"},{"order_id":75743,"status_timestamp":1642623931,"order_status":"canceled"}]