[{"order_id":75798,"status_timestamp":1642724308,"order_status":"placed"},{"order_id":75799,"status_timestamp":1642729261,"order_status":"placed"},{"order_id":75800,"status_timestamp":1642730571,"order_status":"placed"},{"order_id":75801,"status_timestamp":1642731567,"order_status":"placed"},{"order_id":75802,"status_timestamp":1642741788,"order_status":"placed"},{"order_id":75803,"status_timestamp":1642742058,"order_status":"placed"},{"order_id":75804,"status_timestamp":1642745800,"order_status":"placed"},{"order_id":75805,"status_timestamp":1642745918,"order_status":"placed"},{"order_id":75806,"status_timestamp":1642749532,"order_status":"placed"},{"order_id":75807,"status_timestamp":1642751432,"order_status":"placed"},{"order_id":75808,"status_timestamp":1642751746,"order_status":"placed"},{"order_id":75809,"status_timestamp":1642751831,"order_status":"placed"},{"order_id":75810,"status_timestamp":1642756817,"order_status":"placed"},{"order_id":75811,"status_timestamp":1642757935,"order_status":"placed"},{"order_id":75812,"status_timestamp":1642761366,"order_status":"placed"},{"order_id":75813,"status_timestamp":1642767205,"order_status":"placed"},{"order_id":75814,"status_timestamp":1642770039,"order_status":"placed"},{"order_id":75815,"status_timestamp":1642771017,"order_status":"placed"},{"order_id":75816,"status_timestamp":1642771356,"order_status":"placed"},{"order_id":75817,"status_timestamp":1642782194,"order_status":"placed"},{"order_id":75818,"status_timestamp":1642789737,"order_status":"placed"},{"order_id":75819,"status_timestamp":1642791006,"order_status":"placed"},{"order_id":75820,"status_timestamp":1642800098,"order_status":"placed"},{"order_id":75683,"status_timestamp":1642728372,"order_status":"on the way"},{"order_id":75690,"status_timestamp":1642737782,"order_status":"delivered"},{"order_id":75693,"status_timestamp":1642747187,"order_status":"preparing"},{"order_id":75696,"status_timestamp":1642756794,"order_status":"return picked up"},{"order_id":75701,"status_timestamp":1642779468,"order_status":"delivered"},{"order_id":75705,"status_timestamp":1642791872,"order_status":"on the way"},{"order_id":75707,"status_timestamp":1642750551,"order_status":"preparing"},{"order_id":75709,"status_timestamp":1642730920,"order_status":"on the way"},{"order_id":75711,"status_timestamp":1642746626,"order_status":"preparing"},{"order_id":75711,"status_timestamp":1642746025,"order_status":"on the way"},{"order_id":75711,"status_timestamp":1642728425,"order_status":"return processed"},{"order_id":75712,"status_timestamp":1642756966,"order_status":"delivered"},{"order_id":75713,"status_timestamp":1642773887,"order_status":"on the way"},{"order_id":75714,"status_timestamp":1642781316,"order_status":"reported shipping error"},{"order_id":75715,"status_timestamp":1642783108,"order_status":"on the way"},{"order_id":75716,"status_timestamp":1642781894,"order_status":"delivered"},{"order_id":75717,"status_timestamp":1642735765,"order_status":"on the way"},{"order_id":75717,"status_timestamp":1642784155,"order_status":"delivered"},{"order_id":75719,"status_timestamp":1642797174,"order_status":"delivered"},{"order_id":75721,"status_timestamp":1642776606,"order_status":"on the way"},{"order_id":75723,"status_timestamp":1642752878,"order_status":"delivered"},{"order_id":75725,"status_timestamp":1642777434,"order_status":"preparing"},{"order_id":75726,"status_timestamp":1642787635,"order_status":"preparing"},{"order_id":75728,"status_timestamp":1642746051,"order_status":"preparing"},{"order_id":75728,"status_timestamp":1642779054,"order_status":"on the way"},{"order_id":75729,"status_timestamp":1642793880,"order_status":"on the way"},{"order_id":75731,"status_timestamp":1642775378,"order_status":"on the way"},{"order_id":75732,"status_timestamp":1642748224,"order_status":"on the way"},{"order_id":75732,"status_timestamp":1642756406,"order_status":"delivered"},{"order_id":75733,"status_timestamp":1642735263,"order_status":"preparing"},{"order_id":75736,"status_timestamp":1642752795,"order_status":"preparing"},{"order_id":75736,"status_timestamp":1642786659,"order_status":"on the way"},{"order_id":75736,"status_timestamp":1642808023,"order_status":"delivered"},{"order_id":75737,"status_timestamp":1642737749,"order_status":"preparing"},{"order_id":75737,"status_timestamp":1642732163,"order_status":"delivered"},{"order_id":75739,"status_timestamp":1642754856,"order_status":"preparing"},{"order_id":75741,"status_timestamp":1642732929,"order_status":"on the way"},{"order_id":75742,"status_timestamp":1642745897,"order_status":"delivered"},{"order_id":75744,"status_timestamp":1642776521,"order_status":"on the way"},{"order_id":75745,"status_timestamp":1642766599,"order_status":"on the way"},{"order_id":75745,"status_timestamp":1642774174,"order_status":"delivered"},{"order_id":75747,"status_timestamp":1642783213,"order_status":"preparing"},{"order_id":75750,"status_timestamp":1642785282,"order_status":"preparing"},{"order_id":75750,"status_timestamp":1642781485,"order_status":"delivered"},{"order_id":75751,"status_timestamp":1642768059,"order_status":"preparing"},{"order_id":75752,"status_timestamp":1642800519,"order_status":"delivered"},{"order_id":75753,"status_timestamp":1642735416,"order_status":"preparing"},{"order_id":75753,"status_timestamp":1642760969,"order_status":"delivered"},{"order_id":75755,"status_timestamp":1642724477,"order_status":"preparing"},{"order_id":75755,"status_timestamp":1642771894,"order_status":"reported shipping error"},{"order_id":75756,"status_timestamp":1642725470,"order_status":"preparing"},{"order_id":75756,"status_timestamp":1642730289,"order_status":"delivered"},{"order_id":75757,"status_timestamp":1642807319,"order_status":"delivered"},{"order_id":75757,"status_timestamp":1642797629,"order_status":"return requested"},{"order_id":75757,"status_timestamp":1642771862,"order_status":"return picked up"},{"order_id":75758,"status_timestamp":1642785581,"order_status":"on the way"},{"order_id":75760,"status_timestamp":1642737772,"order_status":"preparing"},{"order_id":75761,"status_timestamp":1642724113,"order_status":"preparing"},{"order_id":75761,"status_timestamp":1642783393,"order_status":"return requested"},{"order_id":75761,"status_timestamp":1642736744,"order_status":"return picked up"},{"order_id":75763,"status_timestamp":1642798357,"order_status":"on the way"},{"order_id":75763,"status_timestamp":1642797968,"order_status":"delivered"},{"order_id":75764,"status_timestamp":1642804606,"order_status":"on the way"},{"order_id":75764,"status_timestamp":1642723356,"order_status":"delivered"},{"order_id":75768,"status_timestamp":1642771685,"order_status":"preparing"},{"order_id":75768,"status_timestamp":1642747408,"order_status":"delivered"},{"order_id":75769,"status_timestamp":1642751877,"order_status":"preparing"},{"order_id":75769,"status_timestamp":1642808031,"order_status":"delivered"},{"order_id":75769,"status_timestamp":1642764424,"order_status":"return canceled"},{"order_id":75770,"status_timestamp":1642725369,"order_status":"on the way"},{"order_id":75772,"status_timestamp":1642748445,"order_status":"on the way"},{"order_id":75772,"status_timestamp":1642789839,"order_status":"delivered"},{"order_id":75773,"status_timestamp":1642799103,"order_status":"on the way"},{"order_id":75773,"status_timestamp":1642787754,"order_status":"delivered"},{"order_id":75774,"status_timestamp":1642762899,"order_status":"on the way"},{"order_id":75774,"status_timestamp":1642757430,"order_status":"delivered"},{"order_id":75776,"status_timestamp":1642769398,"order_status":"on the way"},{"order_id":75777,"status_timestamp":1642783220,"order_status":"preparing"},{"order_id":75777,"status_timestamp":1642774920,"order_status":"on the way"},{"order_id":75777,"status_timestamp":1642752331,"order_status":"delivered"},{"order_id":75779,"status_timestamp":1642774541,"order_status":"preparing"},{"order_id":75780,"status_timestamp":1642773808,"order_status":"return requested"},{"order_id":75780,"status_timestamp":1642807612,"order_status":"return processed"},{"order_id":75781,"status_timestamp":1642788941,"order_status":"preparing"},{"order_id":75782,"status_timestamp":1642803641,"order_status":"delivered"},{"order_id":75783,"status_timestamp":1642784160,"order_status":"on the way"},{"order_id":75790,"status_timestamp":1642784118,"order_status":"canceled"},{"order_id":75797,"status_timestamp":1642805466,"order_status":"on the way"}]