[{"order_id":75821,"status_timestamp":1642813983,"order_status":"placed"},{"order_id":75822,"status_timestamp":1642815002,"order_status":"placed"},{"order_id":75823,"status_timestamp":1642818847,"order_status":"placed"},{"order_id":75824,"status_timestamp":1642826192,"order_status":"placed"},{"order_id":75825,"status_timestamp":1642828031,"order_status":"placed"},{"order_id":75826,"status_timestamp":1642831328,"order_status":"placed"},{"order_id":75827,"status_timestamp":1642843148,"order_status":"placed"},{"order_id":75828,"status_timestamp":1642847384,"order_status":"placed"},{"order_id":75829,"status_timestamp":1642849678,"order_status":"placed"},{"order_id":75830,"status_timestamp":1642853084,"order_status":"placed"},{"order_id":75831,"status_timestamp":1642853580,"order_status":"placed"},{"order_id":75832,"status_timestamp":1642857457,"order_status":"placed"},{"order_id":75833,"status_timestamp":1642858962,"order_status":"placed"},{"order_id":75834,"status_timestamp":1642861444,"order_status":"placed"},{"order_id":75835,"status_timestamp":1642861897,"order_status":"placed"},{"order_id":75836,"status_timestamp":1642862268,"order_status":"placed"},{"order_id":75837,"status_timestamp":1642869514,"order_status":"placed"},{"order_id":75838,"status_timestamp":1642873135,"order_status":"placed"},{"order_id":75839,"status_timestamp":1642876072,"order_status":"placed"},{"order_id":75840,"status_timestamp":1642876392,"order_status":"placed"},{"order_id":75841,"status_timestamp":1642879505,"order_status":"placed"},{"order_id":75842,"status_timestamp":1642880967,"order_status":"placed"},{"order_id":75843,"status_timestamp":1642881112,"order_status":"placed"},{"order_id":75844,"status_timestamp":1642884260,"order_status":"placed"},{"order_id":75680,"status_timestamp":1642813026,"order_status":"on the way"},{"order_id":75714,"status_timestamp":1642839166,"order_status":"on the way"},{"order_id":75714,"status_timestamp":1642842985,"order_status":"delivered"},{"order_id":75723,"status_timestamp":1642818781,"order_status":"preparing"},{"order_id":75724,"status_timestamp":1642831856,"order_status":"on the way"},{"order_id":75729,"status_timestamp":1642852884,"order_status":"delivered"},{"order_id":75734,"status_timestamp":1642813921,"order_status":"preparing"},{"order_id":75738,"status_timestamp":1642810848,"order_status":"on the way"},{"order_id":75740,"status_timestamp":1642858480,"order_status":"on the way"},{"order_id":75744,"status_timestamp":1642840528,"order_status":"delivered"},{"order_id":75746,"status_timestamp":1642869240,"order_status":"on the way"},{"order_id":75746,"status_timestamp":1642831328,"order_status":"delivered"},{"order_id":75749,"status_timestamp":1642819807,"order_status":"preparing"},{"order_id":75749,"status_timestamp":1642858552,"order_status":"delivered"},{"order_id":75751,"status_timestamp":1642813647,"order_status":"on the way"},{"order_id":75753,"status_timestamp":1642845056,"order_status":"on the way"},{"order_id":75757,"status_timestamp":1642836165,"order_status":"preparing"},{"order_id":75757,"status_timestamp":1642837957,"order_status":"on the way"},{"order_id":75758,"status_timestamp":1642888722,"order_status":"delivered"},{"order_id":75761,"status_timestamp":1642839650,"order_status":"delivered"},{"order_id":75763,"status_timestamp":1642858823,"order_status":"preparing"},{"order_id":75765,"status_timestamp":1642851550,"order_status":"canceled"},{"order_id":75766,"status_timestamp":1642860056,"order_status":"preparing"},{"order_id":75766,"status_timestamp":1642871924,"order_status":"reported shipping error"},{"order_id":75769,"status_timestamp":1642870737,"order_status":"on the way"},{"order_id":75770,"status_timestamp":1642834974,"order_status":"delivered"},{"order_id":75773,"status_timestamp":1642838389,"order_status":"preparing"},{"order_id":75778,"status_timestamp":1642810739,"order_status":"canceled"},{"order_id":75779,"status_timestamp":1642888318,"order_status":"on the way"},{"order_id":75780,"status_timestamp":1642821143,"order_status":"preparing"},{"order_id":75780,"status_timestamp":1642823192,"order_status":"on the way"},{"order_id":75781,"status_timestamp":1642876987,"order_status":"on the way"},{"order_id":75781,"status_timestamp":1642834702,"order_status":"delivered"},{"order_id":75782,"status_timestamp":1642870417,"order_status":"return requested"},{"order_id":75782,"status_timestamp":1642875278,"order_status":"return processed"},{"order_id":75783,"status_timestamp":1642823669,"order_status":"preparing"},{"order_id":75783,"status_timestamp":1642873123,"order_status":"delivered"},{"order_id":75785,"status_timestamp":1642854112,"order_status":"delivered"},{"order_id":75786,"status_timestamp":1642883229,"order_status":"on the way"},{"order_id":75788,"status_timestamp":1642887861,"order_status":"preparing"},{"order_id":75788,"status_timestamp":1642832934,"order_status":"delivered"},{"order_id":75789,"status_timestamp":1642818444,"order_status":"delivered"},{"order_id":75789,"status_timestamp":1642833516,"order_status":"return requested"},{"order_id":75790,"status_timestamp":1642848314,"order_status":"preparing"},{"order_id":75791,"status_timestamp":1642845923,"order_status":"delivered"},{"order_id":75792,"status_timestamp":1642810341,"order_status":"preparing"},{"order_id":75792,"status_timestamp":1642839105,"order_status":"on the way"},{"order_id":75793,"status_timestamp":1642848672,"order_status":"preparing"},{"order_id":75793,"status_timestamp":1642815380,"order_status":"on the way"},{"order_id":75795,"status_timestamp":1642853687,"order_status":"preparing"},{"order_id":75797,"status_timestamp":1642819158,"order_status":"preparing"},{"order_id":75797,"status_timestamp":1642825481,"order_status":"delivered"},{"order_id":75798,"status_timestamp":1642834125,"order_status":"delivered"},{"order_id":75800,"status_timestamp":1642861137,"order_status":"preparing"},{"order_id":75800,"status_timestamp":1642851339,"order_status":"delivered"},{"order_id":75800,"status_timestamp":1642878032,"order_status":"return picked up"},{"order_id":75801,"status_timestamp":1642850387,"order_status":"preparing"},{"order_id":75801,"status_timestamp":1642856139,"order_status":"on the way"},{"order_id":75804,"status_timestamp":1642860737,"order_status":"on the way"},{"order_id":75805,"status_timestamp":1642877668,"order_status":"delivered"},{"order_id":75806,"status_timestamp":1642849772,"order_status":"delivered"},{"order_id":75806,"status_timestamp":1642849036,"order_status":"return requested"},{"order_id":75807,"status_timestamp":1642867060,"order_status":"return processed"},{"order_id":75808,"status_timestamp":1642867700,"order_status":"return picked up"},{"order_id":75808,"status_timestamp":1642842196,"order_status":"return processed"},{"order_id":75809,"status_timestamp":1642864277,"order_status":"reported shipping error"},{"order_id":75810,"status_timestamp":1642868842,"order_status":"delivered"},{"order_id":75812,"status_timestamp":1642893505,"order_status":"on the way"},{"order_id":75818,"status_timestamp":1642886348,"order_status":"return requested"},{"order_id":75820,"status_timestamp":1642888694,"order_status":"preparing"}]