[{"order_id":75916,"status_timestamp":1643155813,"order_status":"placed"},{"order_id":75917,"status_timestamp":1643157821,"order_status":"placed"},{"order_id":75918,"status_timestamp":1643159343,"order_status":"placed"},{"order_id":75919,"status_timestamp":1643162975,"order_status":"placed"},{"order_id":75920,"status_timestamp":1643164277,"order_status":"placed"},{"order_id":75921,"status_timestamp":1643165421,"order_status":"placed"},{"order_id":75922,"status_timestamp":1643168354,"order_status":"placed"},{"order_id":75923,"status_timestamp":1643168441,"order_status":"placed"},{"order_id":75924,"status_timestamp":1643169098,"order_status":"placed"},{"order_id":75925,"status_timestamp":1643170541,"order_status":"placed"},{"order_id":75926,"status_timestamp":1643177417,"order_status":"placed"},{"order_id":75927,"status_timestamp":1643185624,"order_status":"placed"},{"order_id":75928,"status_timestamp":1643190896,"order_status":"placed"},{"order_id":75929,"status_timestamp":1643192647,"order_status":"placed"},{"order_id":75930,"status_timestamp":1643195004,"order_status":"placed"},{"order_id":75931,"status_timestamp":1643195538,"order_status":"placed"},{"order_id":75932,"status_timestamp":1643201402,"order_status":"placed"},{"order_id":75933,"status_timestamp":1643205729,"order_status":"placed"},{"order_id":75934,"status_timestamp":1643210520,"order_status":"placed"},{"order_id":75935,"status_timestamp":1643213590,"order_status":"placed"},{"order_id":75936,"status_timestamp":1643219379,"order_status":"placed"},{"order_id":75937,"status_timestamp":1643230028,"order_status":"placed"},{"order_id":75938,"status_timestamp":1643230809,"order_status":"placed"},{"order_id":75939,"status_timestamp":1643233607,"order_status":"placed"},{"order_id":75752,"status_timestamp":1643220715,"order_status":"preparing"},{"order_id":75789,"status_timestamp":1643192980,"order_status":"on the way"},{"order_id":75800,"status_timestamp":1643175440,"order_status":"return requested"},{"order_id":75818,"status_timestamp":1643164661,"order_status":"delivered"},{"order_id":75820,"status_timestamp":1643165951,"order_status":"on the way"},{"order_id":75823,"status_timestamp":1643184731,"order_status":"delivered"},{"order_id":75824,"status_timestamp":1643195236,"order_status":"preparing"},{"order_id":75825,"status_timestamp":1643221875,"order_status":"on the way"},{"order_id":75829,"status_timestamp":1643178895,"order_status":"preparing"},{"order_id":75830,"status_timestamp":1643190618,"order_status":"on the way"},{"order_id":75831,"status_timestamp":1643161062,"order_status":"on the way"},{"order_id":75832,"status_timestamp":1643177674,"order_status":"delivered"},{"order_id":75836,"status_timestamp":1643222322,"order_status":"delivered"},{"order_id":75836,"status_timestamp":1643209801,"order_status":"return requested"},{"order_id":75837,"status_timestamp":1643187761,"order_status":"reported shipping error"},{"order_id":75838,"status_timestamp":1643177556,"order_status":"delivered"},{"order_id":75840,"status_timestamp":1643167307,"order_status":"preparing"},{"order_id":75840,"status_timestamp":1643183486,"order_status":"delivered"},{"order_id":75842,"status_timestamp":1643167475,"order_status":"delivered"},{"order_id":75843,"status_timestamp":1643217953,"order_status":"preparing"},{"order_id":75844,"status_timestamp":1643169706,"order_status":"preparing"},{"order_id":75845,"status_timestamp":1643156913,"order_status":"preparing"},{"order_id":75845,"status_timestamp":1643225165,"order_status":"return picked up"},{"order_id":75849,"status_timestamp":1643180721,"order_status":"on the way"},{"order_id":75850,"status_timestamp":1643160148,"order_status":"on the way"},{"order_id":75850,"status_timestamp":1643158865,"order_status":"delivered"},{"order_id":75852,"status_timestamp":1643178781,"order_status":"preparing"},{"order_id":75852,"status_timestamp":1643228025,"order_status":"delivered"},{"order_id":75853,"status_timestamp":1643221081,"order_status":"on the way"},{"order_id":75854,"status_timestamp":1643161070,"order_status":"return requested"},{"order_id":75856,"status_timestamp":1643162806,"order_status":"canceled"},{"order_id":75862,"status_timestamp":1643187033,"order_status":"on the way"},{"order_id":75863,"status_timestamp":1643200106,"order_status":"return picked up"},{"order_id":75864,"status_timestamp":1643199557,"order_status":"preparing"},{"order_id":75865,"status_timestamp":1643214366,"order_status":"delivered"},{"order_id":75865,"status_timestamp":1643224815,"order_status":"return requested"},{"order_id":75866,"status_timestamp":1643236179,"order_status":"preparing"},{"order_id":75866,"status_timestamp":1643194965,"order_status":"delivered"},{"order_id":75867,"status_timestamp":1643166990,"order_status":"delivered"},{"order_id":75868,"status_timestamp":1643192713,"order_status":"delivered"},{"order_id":75869,"status_timestamp":1643204268,"order_status":"on the way"},{"order_id":75869,"status_timestamp":1643159346,"order_status":"delivered"},{"order_id":75871,"status_timestamp":1643210773,"order_status":"on the way"},{"order_id":75871,"status_timestamp":1643204193,"order_status":"delivered"},{"order_id":75871,"status_timestamp":1643210257,"order_status":"return requested"},{"order_id":75872,"status_timestamp":1643234893,"order_status":"delivered"},{"order_id":75874,"status_timestamp":1643213069,"order_status":"preparing"},{"order_id":75874,"status_timestamp":1643168052,"order_status":"delivered"},{"order_id":75875,"status_timestamp":1643182331,"order_status":"preparing"},{"order_id":75875,"status_timestamp":1643165132,"order_status":"on the way"},{"order_id":75875,"status_timestamp":1643235108,"order_status":"return requested"},{"order_id":75875,"status_timestamp":1643207118,"order_status":"return picked up"},{"order_id":75877,"status_timestamp":1643187854,"order_status":"preparing"},{"order_id":75879,"status_timestamp":1643196385,"order_status":"delivered"},{"order_id":75880,"status_timestamp":1643164789,"order_status":"delivered"},{"order_id":75881,"status_timestamp":1643224537,"order_status":"return picked up"},{"order_id":75882,"status_timestamp":1643208555,"order_status":"on the way"},{"order_id":75882,"status_timestamp":1643159160,"order_status":"delivered"},{"order_id":75884,"status_timestamp":1643198158,"order_status":"on the way"},{"order_id":75886,"status_timestamp":1643210213,"order_status":"preparing"},{"order_id":75886,"status_timestamp":1643163340,"order_status":"reported shipping error"},{"order_id":75887,"status_timestamp":1643237694,"order_status":"preparing"},{"order_id":75887,"status_timestamp":1643164007,"order_status":"on the way"},{"order_id":75887,"status_timestamp":1643176480,"order_status":"delivered"},{"order_id":75888,"status_timestamp":1643167381,"order_status":"on the way"},{"order_id":75888,"status_timestamp":1643241090,"order_status":"delivered"},{"order_id":75889,"status_timestamp":1643187956,"order_status":"preparing"},{"order_id":75889,"status_timestamp":1643201188,"order_status":"delivered"},{"order_id":75890,"status_timestamp":1643239377,"order_status":"on the way"},{"order_id":75891,"status_timestamp":1643192300,"order_status":"preparing"},{"order_id":75891,"status_timestamp":1643226760,"order_status":"on the way"},{"order_id":75891,"status_timestamp":1643167486,"order_status":"return requested"},{"order_id":75892,"status_timestamp":1643199858,"order_status":"delivered"},{"order_id":75893,"status_timestamp":1643170653,"order_status":"on the way"},{"order_id":75894,"status_timestamp":1643232263,"order_status":"canceled"},{"order_id":75895,"status_timestamp":1643219735,"order_status":"preparing"},{"order_id":75895,"status_timestamp":1643186829,"order_status":"return processed"},{"order_id":75897,"status_timestamp":1643178745,"order_status":"on the way"},{"order_id":75897,"status_timestamp":1643185687,"order_status":"delivered"},{"order_id":75898,"status_timestamp":1643211057,"order_status":"on the way"},{"order_id":75898,"status_timestamp":1643228389,"order_status":"reported shipping error"},{"order_id":75900,"status_timestamp":1643232590,"order_status":"on the way"},{"order_id":75901,"status_timestamp":1643200580,"order_status":"preparing"},{"order_id":75901,"status_timestamp":1643215738,"order_status":"on the way"},{"order_id":75901,"status_timestamp":1643223635,"order_status":"delivered"},{"order_id":75904,"status_timestamp":1643240412,"order_status":"on the way"},{"order_id":75909,"status_timestamp":1643230082,"order_status":"preparing"},{"order_id":75909,"status_timestamp":1643232395,"order_status":"delivered"},{"order_id":75912,"status_timestamp":1643239659,"order_status":"reported shipping error"}]