[{"order_id":75966,"status_timestamp":1643328787,"order_status":"placed"},{"order_id":75967,"status_timestamp":1643342595,"order_status":"placed"},{"order_id":75968,"status_timestamp":1643343214,"order_status":"placed"},{"order_id":75969,"status_timestamp":1643346628,"order_status":"placed"},{"order_id":75970,"status_timestamp":1643350904,"order_status":"placed"},{"order_id":75971,"status_timestamp":1643351930,"order_status":"placed"},{"order_id":75972,"status_timestamp":1643352957,"order_status":"placed"},{"order_id":75973,"status_timestamp":1643355642,"order_status":"placed"},{"order_id":75974,"status_timestamp":1643368333,"order_status":"placed"},{"order_id":75975,"status_timestamp":1643368359,"order_status":"placed"},{"order_id":75976,"status_timestamp":1643368618,"order_status":"placed"},{"order_id":75977,"status_timestamp":1643374884,"order_status":"placed"},{"order_id":75978,"status_timestamp":1643382787,"order_status":"placed"},{"order_id":75979,"status_timestamp":1643384318,"order_status":"placed"},{"order_id":75980,"status_timestamp":1643390097,"order_status":"placed"},{"order_id":75981,"status_timestamp":1643390948,"order_status":"placed"},{"order_id":75982,"status_timestamp":1643391434,"order_status":"placed"},{"order_id":75983,"status_timestamp":1643394513,"order_status":"placed"},{"order_id":75984,"status_timestamp":1643394681,"order_status":"placed"},{"order_id":75985,"status_timestamp":1643395729,"order_status":"placed"},{"order_id":75986,"status_timestamp":1643398998,"order_status":"placed"},{"order_id":75987,"status_timestamp":1643402887,"order_status":"placed"},{"order_id":75988,"status_timestamp":1643404156,"order_status":"placed"},{"order_id":75989,"status_timestamp":1643407868,"order_status":"placed"},{"order_id":75990,"status_timestamp":1643408506,"order_status":"placed"},{"order_id":75807,"status_timestamp":1643328000,"order_status":"on the way"},{"order_id":75833,"status_timestamp":1643332383,"order_status":"on the way"},{"order_id":75850,"status_timestamp":1643348817,"order_status":"preparing"},{"order_id":75854,"status_timestamp":1643343451,"order_status":"on the way"},{"order_id":75863,"status_timestamp":1643335647,"order_status":"preparing"},{"order_id":75863,"status_timestamp":1643351115,"order_status":"reported shipping error"},{"order_id":75871,"status_timestamp":1643331129,"order_status":"return picked up"},{"order_id":75871,"status_timestamp":1643399038,"order_status":"return processed"},{"order_id":75873,"status_timestamp":1643404544,"order_status":"delivered"},{"order_id":75875,"status_timestamp":1643386155,"order_status":"delivered"},{"order_id":75880,"status_timestamp":1643410906,"order_status":"preparing"},{"order_id":75888,"status_timestamp":1643370569,"order_status":"preparing"},{"order_id":75890,"status_timestamp":1643386072,"order_status":"preparing"},{"order_id":75890,"status_timestamp":1643337609,"order_status":"delivered"},{"order_id":75891,"status_timestamp":1643341074,"order_status":"return processed"},{"order_id":75892,"status_timestamp":1643360066,"order_status":"on the way"},{"order_id":75893,"status_timestamp":1643367128,"order_status":"preparing"},{"order_id":75895,"status_timestamp":1643346887,"order_status":"on the way"},{"order_id":75895,"status_timestamp":1643383027,"order_status":"return requested"},{"order_id":75895,"status_timestamp":1643368218,"order_status":"return picked up"},{"order_id":75896,"status_timestamp":1643379034,"order_status":"canceled"},{"order_id":75898,"status_timestamp":1643379227,"order_status":"preparing"},{"order_id":75899,"status_timestamp":1643339896,"order_status":"return picked up"},{"order_id":75902,"status_timestamp":1643348282,"order_status":"on the way"},{"order_id":75903,"status_timestamp":1643369885,"order_status":"delivered"},{"order_id":75903,"status_timestamp":1643381476,"order_status":"return processed"},{"order_id":75905,"status_timestamp":1643364634,"order_status":"preparing"},{"order_id":75909,"status_timestamp":1643365345,"order_status":"on the way"},{"order_id":75909,"status_timestamp":1643412710,"order_status":"return picked up"},{"order_id":75910,"status_timestamp":1643358795,"order_status":"on the way"},{"order_id":75910,"status_timestamp":1643407922,"order_status":"delivered"},{"order_id":75910,"status_timestamp":1643374602,"order_status":"return requested"},{"order_id":75910,"status_timestamp":1643351621,"order_status":"return picked up"},{"order_id":75910,"status_timestamp":1643336826,"order_status":"return processed"},{"order_id":75912,"status_timestamp":1643341075,"order_status":"delivered"},{"order_id":75912,"status_timestamp":1643332114,"order_status":"return picked up"},{"order_id":75914,"status_timestamp":1643387323,"order_status":"preparing"},{"order_id":75915,"status_timestamp":1643396834,"order_status":"return requested"},{"order_id":75917,"status_timestamp":1643340268,"order_status":"on the way"},{"order_id":75917,"status_timestamp":1643393117,"order_status":"delivered"},{"order_id":75918,"status_timestamp":1643334686,"order_status":"delivered"},{"order_id":75919,"status_timestamp":1643407108,"order_status":"preparing"},{"order_id":75919,"status_timestamp":1643372761,"order_status":"on the way"},{"order_id":75920,"status_timestamp":1643350116,"order_status":"delivered"},{"order_id":75921,"status_timestamp":1643373412,"order_status":"preparing"},{"order_id":75923,"status_timestamp":1643333736,"order_status":"preparing"},{"order_id":75925,"status_timestamp":1643395303,"order_status":"preparing"},{"order_id":75926,"status_timestamp":1643385944,"order_status":"preparing"},{"order_id":75926,"status_timestamp":1643402526,"order_status":"return requested"},{"order_id":75927,"status_timestamp":1643370406,"order_status":"preparing"},{"order_id":75927,"status_timestamp":1643389308,"order_status":"on the way"},{"order_id":75927,"status_timestamp":1643382313,"order_status":"delivered"},{"order_id":75928,"status_timestamp":1643411402,"order_status":"preparing"},{"order_id":75928,"status_timestamp":1643382336,"order_status":"on the way"},{"order_id":75928,"status_timestamp":1643379727,"order_status":"delivered"},{"order_id":75928,"status_timestamp":1643410630,"order_status":"return requested"},{"order_id":75928,"status_timestamp":1643348057,"order_status":"return picked up"},{"order_id":75930,"status_timestamp":1643369751,"order_status":"on the way"},{"order_id":75930,"status_timestamp":1643377188,"order_status":"delivered"},{"order_id":75931,"status_timestamp":1643403005,"order_status":"preparing"},{"order_id":75931,"status_timestamp":1643377250,"order_status":"delivered"},{"order_id":75932,"status_timestamp":1643404602,"order_status":"preparing"},{"order_id":75932,"status_timestamp":1643382656,"order_status":"on the way"},{"order_id":75932,"status_timestamp":1643333655,"order_status":"delivered"},{"order_id":75933,"status_timestamp":1643358603,"order_status":"delivered"},{"order_id":75934,"status_timestamp":1643339495,"order_status":"delivered"},{"order_id":75934,"status_timestamp":1643391298,"order_status":"return requested"},{"order_id":75935,"status_timestamp":1643375525,"order_status":"preparing"},{"order_id":75936,"status_timestamp":1643351646,"order_status":"delivered"},{"order_id":75937,"status_timestamp":1643398049,"order_status":"on the way"},{"order_id":75937,"status_timestamp":1643351083,"order_status":"return picked up"},{"order_id":75937,"status_timestamp":1643351248,"order_status":"reported shipping error"},{"order_id":75939,"status_timestamp":1643350593,"order_status":"on the way"},{"order_id":75939,"status_timestamp":1643396274,"order_status":"delivered"},{"order_id":75940,"status_timestamp":1643370091,"order_status":"preparing"},{"order_id":75940,"status_timestamp":1643411955,"order_status":"on the way"},{"order_id":75942,"status_timestamp":1643398886,"order_status":"delivered"},{"order_id":75944,"status_timestamp":1643408188,"order_status":"preparing"},{"order_id":75945,"status_timestamp":1643397926,"order_status":"on the way"},{"order_id":75945,"status_timestamp":1643389212,"order_status":"delivered"},{"order_id":75947,"status_timestamp":1643369336,"order_status":"preparing"},{"order_id":75947,"status_timestamp":1643378655,"order_status":"delivered"},{"order_id":75948,"status_timestamp":1643386358,"order_status":"on the way"},{"order_id":75950,"status_timestamp":1643391633,"order_status":"return processed"},{"order_id":75952,"status_timestamp":1643374808,"order_status":"delivered"},{"order_id":75956,"status_timestamp":1643394230,"order_status":"delivered"},{"order_id":75957,"status_timestamp":1643404993,"order_status":"preparing"},{"order_id":75960,"status_timestamp":1643413209,"order_status":"preparing"},{"order_id":75963,"status_timestamp":1643407928,"order_status":"delivered"}]