{"protocol":{"minReaderVersion":1,"minWriterVersion":2}}
{"metaData":{"id":"766aaa81-8de4-4fe7-a2ac-d1593141c8fe","format":{"provider":"parquet","options":{}},"schemaString":"{\"type\":\"struct\",\"fields\":[{\"name\":\"user_id\",\"type\":\"string\",\"nullable\":true,\"metadata\":{}},{\"name\":\"user_first_touch_timestamp\",\"type\":\"long\",\"nullable\":true,\"metadata\":{}},{\"name\":\"email\",\"type\":\"string\",\"nullable\":true,\"metadata\":{}},{\"name\":\"updated\",\"type\":\"timestamp\",\"nullable\":true,\"metadata\":{}}]}","partitionColumns":[],"configuration":{},"createdTime":1663874404511}}
{"add":{"path":"part-00000-6f42006e-e083-4d40-8f81-f9b34c70a0b5-c000.snappy.parquet","partitionValues":{},"size":3911355,"modificationTime":1663874406000,"dataChange":true,"stats":"{\"numRecords\":251501,\"minValues\":{\"user_id\":\"UA000000102357297\",\"user_first_touch_timestamp\":1592181852436328,\"email\":\"aadams@hotmail.com\",\"updated\":\"2022-01-28T20:14:29.786Z\"},\"maxValues\":{\"user_id\":\"UA000000107383208\",\"user_first_touch_timestamp\":1593879298321389,\"email\":\"zzuniga@fischer.biz\",\"updated\":\"2022-01-28T20:14:29.786Z\"},\"nullCount\":{\"user_id\":0,\"user_first_touch_timestamp\":0,\"email\":212562,\"updated\":0}}","tags":{"INSERTION_TIME":"1663874406000000","OPTIMIZE_TARGET_SIZE":"268435456"}}}
{"commitInfo":{"timestamp":1663874406906,"userId":"8598139271121446","userName":"jacob.parr@databricks.com","operation":"WRITE","operationParameters":{"mode":"ErrorIfExists","partitionBy":"[]"},"notebook":{"notebookId":"1148970101564436"},"clusterId":"1117-212444-7o693v9s","isolationLevel":"WriteSerializable","isBlindAppend":true,"operationMetrics":{"numFiles":"1","numOutputRows":"251501","numOutputBytes":"3911355"},"engineInfo":"Databricks-Runtime/10.4.x-scala2.12","txnId":"1b4be1a9-3217-4d4c-bb93-91226a6de4f9"}}
