[{"customer_id":22571,"order_timestamp":1641083083,"notifications":"Y","order_id":75322},{"customer_id":23702,"order_timestamp":1641089241,"notifications":"Y","order_id":75323},{"customer_id":22826,"order_timestamp":1641096791,"notifications":"Y","order_id":75324},{"customer_id":23737,"order_timestamp":1641096879,"notifications":"Y","order_id":75325},{"customer_id":22448,"order_timestamp":1641098439,"notifications":"Y","order_id":75326},{"customer_id":23282,"order_timestamp":1641106211,"notifications":"Y","order_id":75327},{"customer_id":23884,"order_timestamp":1641106251,"notifications":"Y","order_id":75328},{"customer_id":23987,"order_timestamp":1641107548,"notifications":"Y","order_id":75329},{"customer_id":23227,"order_timestamp":1641108703,"notifications":"Y","order_id":75330},{"customer_id":22658,"order_timestamp":1641109362,"notifications":"Y","order_id":75331},{"customer_id":23937,"order_timestamp":1641119090,"notifications":"Y","order_id":75332},{"customer_id":23196,"order_timestamp":1641120242,"notifications":"Y","order_id":75333},{"customer_id":23631,"order_timestamp":1641122065,"notifications":"Y","order_id":75334},{"customer_id":23087,"order_timestamp":1641130250,"notifications":"Y","order_id":75335},{"customer_id":23504,"order_timestamp":1641137758,"notifications":"Y","order_id":75336},{"customer_id":23079,"order_timestamp":1641143700,"notifications":"Y","order_id":75337},{"customer_id":23679,"order_timestamp":1641145685,"notifications":"Y","order_id":75338},{"customer_id":23152,"order_timestamp":1641146761,"notifications":"Y","order_id":75339},{"customer_id":22602,"order_timestamp":1641146844,"notifications":"Y","order_id":75340},{"customer_id":23583,"order_timestamp":1641147692,"notifications":"N","order_id":75341},{"customer_id":23685,"order_timestamp":1641148929,"notifications":"Y","order_id":75342},{"customer_id":23845,"order_timestamp":1641150407,"notifications":"Y","order_id":75343},{"customer_id":23251,"order_timestamp":1641157556,"notifications":"Y","order_id":75344},{"customer_id":22266,"order_timestamp":1641158192,"notifications":"Y","order_id":75345},{"customer_id":23266,"order_timestamp":1641162302,"notifications":"Y","order_id":75346}]