[{"customer_id":23446,"order_timestamp":1641168397,"notifications":"N","order_id":75347},{"customer_id":23319,"order_timestamp":1641170716,"notifications":"Y","order_id":75348},{"customer_id":23233,"order_timestamp":1641185553,"notifications":"Y","order_id":75349},{"customer_id":23311,"order_timestamp":1641186582,"notifications":"N","order_id":75350},{"customer_id":22330,"order_timestamp":1641190101,"notifications":"Y","order_id":75351},{"customer_id":23996,"order_timestamp":1641210365,"notifications":"N","order_id":75352},{"customer_id":23983,"order_timestamp":1641212029,"notifications":"Y","order_id":75353},{"customer_id":23963,"order_timestamp":1641216144,"notifications":"N","order_id":75354},{"customer_id":23357,"order_timestamp":1641216540,"notifications":"Y","order_id":75355},{"customer_id":23334,"order_timestamp":1641216746,"notifications":"Y","order_id":75356},{"customer_id":22144,"order_timestamp":1641218987,"notifications":"Y","order_id":75357},{"customer_id":23397,"order_timestamp":1641219198,"notifications":"N","order_id":75358},{"customer_id":23427,"order_timestamp":1641219395,"notifications":"Y","order_id":75359},{"customer_id":23776,"order_timestamp":1641223416,"notifications":"Y","order_id":75360},{"customer_id":23061,"order_timestamp":1641229961,"notifications":"Y","order_id":75361},{"customer_id":23786,"order_timestamp":1641229993,"notifications":"Y","order_id":75362},{"customer_id":23100,"order_timestamp":1641230678,"notifications":"Y","order_id":75363},{"customer_id":23941,"order_timestamp":1641237150,"notifications":"N","order_id":75364},{"customer_id":23244,"order_timestamp":1641237312,"notifications":"Y","order_id":75365},{"customer_id":23301,"order_timestamp":1641243069,"notifications":"Y","order_id":75366},{"customer_id":23083,"order_timestamp":1641247346,"notifications":"Y","order_id":75367},{"customer_id":23592,"order_timestamp":1641248522,"notifications":"Y","order_id":75368},{"customer_id":23821,"order_timestamp":1641250309,"notifications":"N","order_id":75369}]