[{"customer_id":23363,"order_timestamp":1641254942,"notifications":"Y","order_id":75370},{"customer_id":22703,"order_timestamp":1641256401,"notifications":"Y","order_id":75371},{"customer_id":23266,"order_timestamp":1641262141,"notifications":"Y","order_id":75372},{"customer_id":22571,"order_timestamp":1641264430,"notifications":"Y","order_id":75373},{"customer_id":23842,"order_timestamp":1641265030,"notifications":"Y","order_id":75374},{"customer_id":23178,"order_timestamp":1641267092,"notifications":"N","order_id":75375},{"customer_id":23439,"order_timestamp":1641270467,"notifications":"Y","order_id":75376},{"customer_id":23776,"order_timestamp":1641271272,"notifications":"Y","order_id":75377},{"customer_id":23847,"order_timestamp":1641275694,"notifications":"Y","order_id":75378},{"customer_id":23379,"order_timestamp":1641276696,"notifications":"Y","order_id":75379},{"customer_id":23525,"order_timestamp":1641278657,"notifications":"Y","order_id":75380},{"customer_id":24011,"order_timestamp":1641284111,"notifications":"N","order_id":75381},{"customer_id":23686,"order_timestamp":1641289534,"notifications":"Y","order_id":75382},{"customer_id":23871,"order_timestamp":1641290695,"notifications":"Y","order_id":75383},{"customer_id":23383,"order_timestamp":1641298014,"notifications":"N","order_id":75384},{"customer_id":23938,"order_timestamp":1641298272,"notifications":"Y","order_id":75385},{"customer_id":23094,"order_timestamp":1641298563,"notifications":"N","order_id":75386},{"customer_id":23421,"order_timestamp":1641306493,"notifications":"N","order_id":75387},{"customer_id":23758,"order_timestamp":1641306976,"notifications":"Y","order_id":75388},{"customer_id":23907,"order_timestamp":1641309518,"notifications":"Y","order_id":75389},{"customer_id":23725,"order_timestamp":1641311622,"notifications":"Y","order_id":75390},{"customer_id":23926,"order_timestamp":1641317668,"notifications":"Y","order_id":75391},{"customer_id":23258,"order_timestamp":1641327138,"notifications":"Y","order_id":75392},{"customer_id":23240,"order_timestamp":1641329222,"notifications":"Y","order_id":75393},{"customer_id":23523,"order_timestamp":1641334423,"notifications":"N","order_id":75394}]