[{"customer_id":23674,"order_timestamp":1641429955,"notifications":"Y","order_id":75420},{"customer_id":23130,"order_timestamp":1641431581,"notifications":"Y","order_id":75421},{"customer_id":23574,"order_timestamp":1641438393,"notifications":"Y","order_id":75422},{"customer_id":23391,"order_timestamp":1641442445,"notifications":"Y","order_id":75423},{"customer_id":23707,"order_timestamp":1641447483,"notifications":"Y","order_id":75424},{"customer_id":23590,"order_timestamp":1641451622,"notifications":"Y","order_id":75425},{"customer_id":23669,"order_timestamp":1641451765,"notifications":"Y","order_id":75426},{"customer_id":23368,"order_timestamp":1641454284,"notifications":"Y","order_id":75427},{"customer_id":23921,"order_timestamp":1641454335,"notifications":"Y","order_id":75428},{"customer_id":23587,"order_timestamp":1641454565,"notifications":"N","order_id":75429},{"customer_id":23427,"order_timestamp":1641455089,"notifications":"Y","order_id":75430},{"customer_id":22810,"order_timestamp":1641456163,"notifications":"N","order_id":75431},{"customer_id":23233,"order_timestamp":1641458092,"notifications":"N","order_id":75432},{"customer_id":23325,"order_timestamp":1641465371,"notifications":"Y","order_id":75433},{"customer_id":23893,"order_timestamp":1641466831,"notifications":"N","order_id":75434},{"customer_id":23915,"order_timestamp":1641470452,"notifications":"N","order_id":75435},{"customer_id":23448,"order_timestamp":1641471085,"notifications":"Y","order_id":75436},{"customer_id":23432,"order_timestamp":1641473100,"notifications":"Y","order_id":75437},{"customer_id":23634,"order_timestamp":1641491842,"notifications":"N","order_id":75438},{"customer_id":23462,"order_timestamp":1641496191,"notifications":"Y","order_id":75439},{"customer_id":23532,"order_timestamp":1641502952,"notifications":"Y","order_id":75440},{"customer_id":23688,"order_timestamp":1641503466,"notifications":"N","order_id":75441},{"customer_id":23174,"order_timestamp":1641505922,"notifications":"Y","order_id":75442},{"customer_id":23279,"order_timestamp":1641509410,"notifications":"Y","order_id":75443}]