[{"customer_id":23936,"order_timestamp":1641859251,"notifications":"Y","order_id":75542},{"customer_id":23959,"order_timestamp":1641861581,"notifications":"N","order_id":75543},{"customer_id":23164,"order_timestamp":1641865949,"notifications":"N","order_id":75544},{"customer_id":23251,"order_timestamp":1641866794,"notifications":"Y","order_id":75545},{"customer_id":23233,"order_timestamp":1641868404,"notifications":"Y","order_id":75546},{"customer_id":22600,"order_timestamp":1641873198,"notifications":"Y","order_id":75547},{"customer_id":23523,"order_timestamp":1641874102,"notifications":"Y","order_id":75548},{"customer_id":23382,"order_timestamp":1641876494,"notifications":"Y","order_id":75549},{"customer_id":24000,"order_timestamp":1641880718,"notifications":"N","order_id":75550},{"customer_id":22765,"order_timestamp":1641883307,"notifications":"N","order_id":75551},{"customer_id":22317,"order_timestamp":1641884663,"notifications":"Y","order_id":75552},{"customer_id":23861,"order_timestamp":1641890730,"notifications":"Y","order_id":75553},{"customer_id":24024,"order_timestamp":1641891017,"notifications":"Y","order_id":75554},{"customer_id":23184,"order_timestamp":1641891926,"notifications":"Y","order_id":75555},{"customer_id":23066,"order_timestamp":1641892538,"notifications":"Y","order_id":75556},{"customer_id":23752,"order_timestamp":1641892833,"notifications":"Y","order_id":75557},{"customer_id":23572,"order_timestamp":1641893849,"notifications":"Y","order_id":75558},{"customer_id":23975,"order_timestamp":1641894120,"notifications":"Y","order_id":75559},{"customer_id":23385,"order_timestamp":1641900469,"notifications":"Y","order_id":75560},{"customer_id":24075,"order_timestamp":1641901135,"notifications":"Y","order_id":75561},{"customer_id":23767,"order_timestamp":1641908476,"notifications":"Y","order_id":75562},{"customer_id":23573,"order_timestamp":1641918614,"notifications":"Y","order_id":75563},{"customer_id":22296,"order_timestamp":1641920334,"notifications":"N","order_id":75564},{"customer_id":23243,"order_timestamp":1641924194,"notifications":"N","order_id":75565},{"customer_id":22826,"order_timestamp":1641925234,"notifications":"Y","order_id":75566},{"customer_id":22813,"order_timestamp":1641933383,"notifications":"Y","order_id":75567},{"customer_id":23473,"order_timestamp":1641935578,"notifications":"N","order_id":75568}]