[{"customer_id":23086,"order_timestamp":1641948577,"notifications":"N","order_id":75569},{"customer_id":24096,"order_timestamp":1641957202,"notifications":"N","order_id":75570},{"customer_id":23995,"order_timestamp":1641958536,"notifications":"Y","order_id":75571},{"customer_id":23312,"order_timestamp":1641959797,"notifications":"Y","order_id":75572},{"customer_id":24026,"order_timestamp":1641963194,"notifications":"Y","order_id":75573},{"customer_id":22701,"order_timestamp":1641963854,"notifications":"N","order_id":75574},{"customer_id":23488,"order_timestamp":1641964725,"notifications":"Y","order_id":75575},{"customer_id":23070,"order_timestamp":1641969761,"notifications":"N","order_id":75576},{"customer_id":22568,"order_timestamp":1641970005,"notifications":"Y","order_id":75577},{"customer_id":23263,"order_timestamp":1641972340,"notifications":"Y","order_id":75578},{"customer_id":23116,"order_timestamp":1641976222,"notifications":"Y","order_id":75579},{"customer_id":22658,"order_timestamp":1641977326,"notifications":"Y","order_id":75580},{"customer_id":22865,"order_timestamp":1641979676,"notifications":"Y","order_id":75581},{"customer_id":23810,"order_timestamp":1641984142,"notifications":"Y","order_id":75582},{"customer_id":24073,"order_timestamp":1641984960,"notifications":"Y","order_id":75583},{"customer_id":23964,"order_timestamp":1641991638,"notifications":"Y","order_id":75584},{"customer_id":23610,"order_timestamp":1641992051,"notifications":"Y","order_id":75585},{"customer_id":23984,"order_timestamp":1641992300,"notifications":"Y","order_id":75586},{"customer_id":23254,"order_timestamp":1641994513,"notifications":"Y","order_id":75587},{"customer_id":24091,"order_timestamp":1641997906,"notifications":"Y","order_id":75588},{"customer_id":23776,"order_timestamp":1641998321,"notifications":"N","order_id":75589},{"customer_id":23697,"order_timestamp":1642013795,"notifications":"Y","order_id":75590},{"customer_id":23310,"order_timestamp":1642021947,"notifications":"Y","order_id":75591},{"customer_id":23095,"order_timestamp":1642023979,"notifications":"Y","order_id":75592}]