[{"customer_id":23749,"order_timestamp":1642120584,"notifications":"N","order_id":75620},{"customer_id":23754,"order_timestamp":1642126076,"notifications":"Y","order_id":75621},{"customer_id":23934,"order_timestamp":1642127122,"notifications":"Y","order_id":75622},{"customer_id":23769,"order_timestamp":1642128630,"notifications":"Y","order_id":75623},{"customer_id":24052,"order_timestamp":1642130296,"notifications":"Y","order_id":75624},{"customer_id":22296,"order_timestamp":1642134122,"notifications":"Y","order_id":75625},{"customer_id":23927,"order_timestamp":1642135022,"notifications":"Y","order_id":75626},{"customer_id":23844,"order_timestamp":1642136737,"notifications":"Y","order_id":75627},{"customer_id":24063,"order_timestamp":1642138871,"notifications":"N","order_id":75628},{"customer_id":23202,"order_timestamp":1642138917,"notifications":"Y","order_id":75629},{"customer_id":23440,"order_timestamp":1642152394,"notifications":"Y","order_id":75630},{"customer_id":23487,"order_timestamp":1642154613,"notifications":"N","order_id":75631},{"customer_id":24046,"order_timestamp":1642163589,"notifications":"Y","order_id":75632},{"customer_id":24079,"order_timestamp":1642164560,"notifications":"Y","order_id":75633},{"customer_id":23960,"order_timestamp":1642168405,"notifications":"Y","order_id":75634},{"customer_id":23146,"order_timestamp":1642169221,"notifications":"N","order_id":75635},{"customer_id":24093,"order_timestamp":1642173432,"notifications":"N","order_id":75636},{"customer_id":23952,"order_timestamp":1642177769,"notifications":"Y","order_id":75637},{"customer_id":24035,"order_timestamp":1642178284,"notifications":"Y","order_id":75638},{"customer_id":23335,"order_timestamp":1642179834,"notifications":"Y","order_id":75639},{"customer_id":23092,"order_timestamp":1642179909,"notifications":"N","order_id":75640},{"customer_id":23608,"order_timestamp":1642182739,"notifications":"Y","order_id":75641},{"customer_id":23290,"order_timestamp":1642184364,"notifications":"N","order_id":75642},{"customer_id":23130,"order_timestamp":1642190671,"notifications":"Y","order_id":75643},{"customer_id":23885,"order_timestamp":1642193183,"notifications":"N","order_id":75644},{"customer_id":23578,"order_timestamp":1642195497,"notifications":"N","order_id":75645}]