[{"customer_id":23460,"order_timestamp":1642464056,"notifications":"Y","order_id":75723},{"customer_id":23889,"order_timestamp":1642465483,"notifications":"Y","order_id":75724},{"customer_id":23157,"order_timestamp":1642467538,"notifications":"Y","order_id":75725},{"customer_id":23934,"order_timestamp":1642474054,"notifications":"Y","order_id":75726},{"customer_id":23862,"order_timestamp":1642476135,"notifications":"Y","order_id":75727},{"customer_id":23569,"order_timestamp":1642479724,"notifications":"Y","order_id":75728},{"customer_id":24119,"order_timestamp":1642480314,"notifications":"Y","order_id":75729},{"customer_id":24156,"order_timestamp":1642482517,"notifications":"Y","order_id":75730},{"customer_id":23572,"order_timestamp":1642484968,"notifications":"Y","order_id":75731},{"customer_id":24133,"order_timestamp":1642492686,"notifications":"Y","order_id":75732},{"customer_id":24099,"order_timestamp":1642495606,"notifications":"N","order_id":75733},{"customer_id":23199,"order_timestamp":1642495648,"notifications":"Y","order_id":75734},{"customer_id":23249,"order_timestamp":1642502055,"notifications":"Y","order_id":75735},{"customer_id":23458,"order_timestamp":1642521861,"notifications":"Y","order_id":75736},{"customer_id":23773,"order_timestamp":1642525460,"notifications":"Y","order_id":75737},{"customer_id":22914,"order_timestamp":1642529486,"notifications":"N","order_id":75738},{"customer_id":23449,"order_timestamp":1642530017,"notifications":"Y","order_id":75739},{"customer_id":24072,"order_timestamp":1642532107,"notifications":"Y","order_id":75740},{"customer_id":23315,"order_timestamp":1642532647,"notifications":"Y","order_id":75741},{"customer_id":23719,"order_timestamp":1642532788,"notifications":"Y","order_id":75742},{"customer_id":24089,"order_timestamp":1642533113,"notifications":"Y","order_id":75743},{"customer_id":23669,"order_timestamp":1642536045,"notifications":"Y","order_id":75744},{"customer_id":23304,"order_timestamp":1642539453,"notifications":"Y","order_id":75745},{"customer_id":23594,"order_timestamp":1642540020,"notifications":"Y","order_id":75746},{"customer_id":24020,"order_timestamp":1642545533,"notifications":"N","order_id":75747}]