[{"customer_id":24008,"order_timestamp":1642638054,"notifications":"Y","order_id":75772},{"customer_id":23432,"order_timestamp":1642644078,"notifications":"Y","order_id":75773},{"customer_id":23559,"order_timestamp":1642644729,"notifications":"N","order_id":75774},{"customer_id":23339,"order_timestamp":1642646330,"notifications":"N","order_id":75775},{"customer_id":23946,"order_timestamp":1642652865,"notifications":"Y","order_id":75776},{"customer_id":23596,"order_timestamp":1642655727,"notifications":"N","order_id":75777},{"customer_id":23607,"order_timestamp":1642657381,"notifications":"Y","order_id":75778},{"customer_id":24075,"order_timestamp":1642672239,"notifications":"Y","order_id":75779},{"customer_id":23714,"order_timestamp":1642676143,"notifications":"N","order_id":75780},{"customer_id":23136,"order_timestamp":1642680465,"notifications":"Y","order_id":75781},{"customer_id":23277,"order_timestamp":1642682131,"notifications":"Y","order_id":75782},{"customer_id":23927,"order_timestamp":1642683085,"notifications":"N","order_id":75783},{"customer_id":23983,"order_timestamp":1642687483,"notifications":"Y","order_id":75784},{"customer_id":23758,"order_timestamp":1642689857,"notifications":"N","order_id":75785},{"customer_id":23558,"order_timestamp":1642690525,"notifications":"Y","order_id":75786},{"customer_id":24142,"order_timestamp":1642692215,"notifications":"N","order_id":75787},{"customer_id":22430,"order_timestamp":1642693058,"notifications":"Y","order_id":75788},{"customer_id":23364,"order_timestamp":1642693607,"notifications":"N","order_id":75789},{"customer_id":23520,"order_timestamp":1642696648,"notifications":"Y","order_id":75790},{"customer_id":22866,"order_timestamp":1642700802,"notifications":"Y","order_id":75791},{"customer_id":24080,"order_timestamp":1642705447,"notifications":"Y","order_id":75792},{"customer_id":24035,"order_timestamp":1642709408,"notifications":"Y","order_id":75793},{"customer_id":23210,"order_timestamp":1642713770,"notifications":"Y","order_id":75794},{"customer_id":23197,"order_timestamp":1642714807,"notifications":"Y","order_id":75795},{"customer_id":23944,"order_timestamp":1642716953,"notifications":"N","order_id":75796},{"customer_id":23287,"order_timestamp":1642718803,"notifications":"Y","order_id":75797}]