[{"customer_id":23984,"order_timestamp":1642985398,"notifications":"Y","order_id":75870},{"customer_id":24179,"order_timestamp":1642990732,"notifications":"Y","order_id":75871},{"customer_id":24172,"order_timestamp":1642991795,"notifications":"Y","order_id":75872},{"customer_id":23749,"order_timestamp":1642992079,"notifications":"Y","order_id":75873},{"customer_id":23808,"order_timestamp":1643001660,"notifications":"Y","order_id":75874},{"customer_id":24108,"order_timestamp":1643002008,"notifications":"N","order_id":75875},{"customer_id":23316,"order_timestamp":1643004180,"notifications":"N","order_id":75876},{"customer_id":23735,"order_timestamp":1643004318,"notifications":"Y","order_id":75877},{"customer_id":23013,"order_timestamp":1643004371,"notifications":"Y","order_id":75878},{"customer_id":23109,"order_timestamp":1643010457,"notifications":"Y","order_id":75879},{"customer_id":22528,"order_timestamp":1643012329,"notifications":"Y","order_id":75880},{"customer_id":23709,"order_timestamp":1643023487,"notifications":"N","order_id":75881},{"customer_id":24197,"order_timestamp":1643025431,"notifications":"N","order_id":75882},{"customer_id":24069,"order_timestamp":1643029966,"notifications":"Y","order_id":75883},{"customer_id":23804,"order_timestamp":1643036938,"notifications":"N","order_id":75884},{"customer_id":24079,"order_timestamp":1643037194,"notifications":"N","order_id":75885},{"customer_id":22337,"order_timestamp":1643041391,"notifications":"Y","order_id":75886},{"customer_id":23072,"order_timestamp":1643042245,"notifications":"N","order_id":75887},{"customer_id":24071,"order_timestamp":1643044648,"notifications":"Y","order_id":75888},{"customer_id":22307,"order_timestamp":1643047783,"notifications":"N","order_id":75889},{"customer_id":23883,"order_timestamp":1643048012,"notifications":"Y","order_id":75890},{"customer_id":22380,"order_timestamp":1643051161,"notifications":"Y","order_id":75891},{"customer_id":22658,"order_timestamp":1643057536,"notifications":"Y","order_id":75892}]