[{"customer_id":22515,"order_timestamp":1643080564,"notifications":"Y","order_id":75893},{"customer_id":23754,"order_timestamp":1643081284,"notifications":"Y","order_id":75894},{"customer_id":23808,"order_timestamp":1643081435,"notifications":"Y","order_id":75895},{"customer_id":24099,"order_timestamp":1643083131,"notifications":"Y","order_id":75896},{"customer_id":23569,"order_timestamp":1643083713,"notifications":"Y","order_id":75897},{"customer_id":24192,"order_timestamp":1643099419,"notifications":"Y","order_id":75898},{"customer_id":22417,"order_timestamp":1643101256,"notifications":"Y","order_id":75899},{"customer_id":22962,"order_timestamp":1643102919,"notifications":"Y","order_id":75900},{"customer_id":23865,"order_timestamp":1643107404,"notifications":"Y","order_id":75901},{"customer_id":22526,"order_timestamp":1643116044,"notifications":"Y","order_id":75902},{"customer_id":23028,"order_timestamp":1643118602,"notifications":"Y","order_id":75903},{"customer_id":24016,"order_timestamp":1643121960,"notifications":"Y","order_id":75904},{"customer_id":24111,"order_timestamp":1643124136,"notifications":"Y","order_id":75905},{"customer_id":22122,"order_timestamp":1643127936,"notifications":"Y","order_id":75906},{"customer_id":23208,"order_timestamp":1643129710,"notifications":"Y","order_id":75907},{"customer_id":24185,"order_timestamp":1643130536,"notifications":"Y","order_id":75908},{"customer_id":23068,"order_timestamp":1643131289,"notifications":"Y","order_id":75909},{"customer_id":23611,"order_timestamp":1643137550,"notifications":"Y","order_id":75910},{"customer_id":23977,"order_timestamp":1643141844,"notifications":"Y","order_id":75911},{"customer_id":23125,"order_timestamp":1643142677,"notifications":"Y","order_id":75912},{"customer_id":24128,"order_timestamp":1643142805,"notifications":"Y","order_id":75913},{"customer_id":22810,"order_timestamp":1643143538,"notifications":"N","order_id":75914},{"customer_id":23582,"order_timestamp":1643143776,"notifications":"Y","order_id":75915}]