[{"customer_id":23900,"order_timestamp":1643155813,"notifications":"Y","order_id":75916},{"customer_id":22203,"order_timestamp":1643157821,"notifications":"Y","order_id":75917},{"customer_id":23242,"order_timestamp":1643159343,"notifications":"Y","order_id":75918},{"customer_id":23507,"order_timestamp":1643162975,"notifications":"N","order_id":75919},{"customer_id":23283,"order_timestamp":1643164277,"notifications":"N","order_id":75920},{"customer_id":23437,"order_timestamp":1643165421,"notifications":"Y","order_id":75921},{"customer_id":23602,"order_timestamp":1643168354,"notifications":"Y","order_id":75922},{"customer_id":22826,"order_timestamp":1643168441,"notifications":"Y","order_id":75923},{"customer_id":23146,"order_timestamp":1643169098,"notifications":"N","order_id":75924},{"customer_id":23925,"order_timestamp":1643170541,"notifications":"N","order_id":75925},{"customer_id":24156,"order_timestamp":1643177417,"notifications":"Y","order_id":75926},{"customer_id":23898,"order_timestamp":1643185624,"notifications":"Y","order_id":75927},{"customer_id":24097,"order_timestamp":1643190896,"notifications":"N","order_id":75928},{"customer_id":24149,"order_timestamp":1643192647,"notifications":"Y","order_id":75929},{"customer_id":23697,"order_timestamp":1643195004,"notifications":"Y","order_id":75930},{"customer_id":24079,"order_timestamp":1643195538,"notifications":"N","order_id":75931},{"customer_id":23200,"order_timestamp":1643201402,"notifications":"N","order_id":75932},{"customer_id":23912,"order_timestamp":1643205729,"notifications":"Y","order_id":75933},{"customer_id":22568,"order_timestamp":1643210520,"notifications":"N","order_id":75934},{"customer_id":23703,"order_timestamp":1643213590,"notifications":"Y","order_id":75935},{"customer_id":23138,"order_timestamp":1643219379,"notifications":"Y","order_id":75936},{"customer_id":23776,"order_timestamp":1643230028,"notifications":"Y","order_id":75937},{"customer_id":23282,"order_timestamp":1643230809,"notifications":"Y","order_id":75938},{"customer_id":23762,"order_timestamp":1643233607,"notifications":"N","order_id":75939}]