[{"customer_id":23694,"order_timestamp":1643418123,"notifications":"N","order_id":75991},{"customer_id":23757,"order_timestamp":1643429871,"notifications":"N","order_id":75992},{"customer_id":23610,"order_timestamp":1643431203,"notifications":"Y","order_id":75993},{"customer_id":24196,"order_timestamp":1643433281,"notifications":"Y","order_id":75994},{"customer_id":23372,"order_timestamp":1643435187,"notifications":"Y","order_id":75995},{"customer_id":23656,"order_timestamp":1643437111,"notifications":"Y","order_id":75996},{"customer_id":23426,"order_timestamp":1643439530,"notifications":"Y","order_id":75997},{"customer_id":23868,"order_timestamp":1643442426,"notifications":"Y","order_id":75998},{"customer_id":23319,"order_timestamp":1643445883,"notifications":"Y","order_id":75999},{"customer_id":23193,"order_timestamp":1643448578,"notifications":"N","order_id":76000},{"customer_id":23310,"order_timestamp":1643449298,"notifications":"Y","order_id":76001},{"customer_id":23129,"order_timestamp":1643449487,"notifications":"N","order_id":76002},{"customer_id":23985,"order_timestamp":1643449531,"notifications":"N","order_id":76003},{"customer_id":24222,"order_timestamp":1643453618,"notifications":"Y","order_id":76004},{"customer_id":23651,"order_timestamp":1643459565,"notifications":"Y","order_id":76005},{"customer_id":23435,"order_timestamp":1643463954,"notifications":"Y","order_id":76006},{"customer_id":24005,"order_timestamp":1643465093,"notifications":"Y","order_id":76007},{"customer_id":23954,"order_timestamp":1643465212,"notifications":"N","order_id":76008},{"customer_id":24087,"order_timestamp":1643468180,"notifications":"Y","order_id":76009},{"customer_id":23399,"order_timestamp":1643473756,"notifications":"Y","order_id":76010},{"customer_id":24154,"order_timestamp":1643477268,"notifications":"N","order_id":76011},{"customer_id":24246,"order_timestamp":1643489756,"notifications":"Y","order_id":76012},{"customer_id":24069,"order_timestamp":1643490297,"notifications":"N","order_id":76013},{"customer_id":23886,"order_timestamp":1643496011,"notifications":"Y","order_id":76014}]