{"protocol":{"minReaderVersion":1,"minWriterVersion":2}}
{"metaData":{"id":"ff6aeb96-bd30-4617-bb77-93d06bd17185","format":{"provider":"parquet","options":{}},"schemaString":"{\"type\":\"struct\",\"fields\":[{\"name\":\"user_id\",\"type\":\"string\",\"nullable\":true,\"metadata\":{}},{\"name\":\"user_first_touch_timestamp\",\"type\":\"long\",\"nullable\":true,\"metadata\":{}},{\"name\":\"email\",\"type\":\"string\",\"nullable\":true,\"metadata\":{}},{\"name\":\"updated\",\"type\":\"timestamp\",\"nullable\":true,\"metadata\":{}}]}","partitionColumns":[],"configuration":{},"createdTime":1643401417138}}
{"add":{"path":"part-00000-b15dca4c-ade2-473e-ba30-4a771bea4230-c000.snappy.parquet","partitionValues":{},"size":949622,"modificationTime":1643401421000,"dataChange":true,"stats":"{\"numRecords\":62763,\"minValues\":{\"user_id\":\"UA000000102357333\",\"user_first_touch_timestamp\":1592186083581401,\"email\":\"aadams@oconnell.com\",\"updated\":\"2022-01-28T20:13:57.012Z\"},\"maxValues\":{\"user_id\":\"UA000000107400013\",\"user_first_touch_timestamp\":1593881093443053,\"email\":\"zwise@gmail.com\",\"updated\":\"2022-01-28T20:14:38.605Z\"},\"nullCount\":{\"user_id\":0,\"user_first_touch_timestamp\":0,\"email\":52989,\"updated\":0}}","tags":{"INSERTION_TIME":"1643401420000000","OPTIMIZE_TARGET_SIZE":"268435456"}}}
{"add":{"path":"part-00001-1288412f-2fc1-4378-9093-ecc12631f5d1-c000.snappy.parquet","partitionValues":{},"size":949508,"modificationTime":1643401421000,"dataChange":true,"stats":"{\"numRecords\":62863,\"minValues\":{\"user_id\":\"UA000000102357351\",\"user_first_touch_timestamp\":1592187804331222,\"email\":\"aadams@hotmail.com\",\"updated\":\"2022-01-28T20:13:57.012Z\"},\"maxValues\":{\"user_id\":\"UA000000107400002\",\"user_first_touch_timestamp\":1593881092028726,\"email\":\"zwright@hayes.com\",\"updated\":\"2022-01-28T20:14:38.605Z\"},\"nullCount\":{\"user_id\":0,\"user_first_touch_timestamp\":0,\"email\":53249,\"updated\":0}}","tags":{"INSERTION_TIME":"1643401420000001","OPTIMIZE_TARGET_SIZE":"268435456"}}}
{"add":{"path":"part-00002-0c657736-0f53-4294-bb87-615235e1795e-c000.snappy.parquet","partitionValues":{},"size":940054,"modificationTime":1643401420000,"dataChange":true,"stats":"{\"numRecords\":62039,\"minValues\":{\"user_id\":\"UA000000102357297\",\"user_first_touch_timestamp\":1592181852436328,\"email\":\"aallison@gibson.com\",\"updated\":\"2022-01-28T20:13:57.012Z\"},\"maxValues\":{\"user_id\":\"UA000000107399985\",\"user_first_touch_timestamp\":1593881088970253,\"email\":\"zwood@keith.com\",\"updated\":\"2022-01-28T20:14:38.605Z\"},\"nullCount\":{\"user_id\":0,\"user_first_touch_timestamp\":0,\"email\":52389,\"updated\":0}}","tags":{"INSERTION_TIME":"1643401420000002","OPTIMIZE_TARGET_SIZE":"268435456"}}}
{"add":{"path":"part-00003-29e575d1-41f1-4bf4-8fdb-3e17e18c29af-c000.snappy.parquet","partitionValues":{},"size":982113,"modificationTime":1643401421000,"dataChange":true,"stats":"{\"numRecords\":64681,\"minValues\":{\"user_id\":\"UA000000102357363\",\"user_first_touch_timestamp\":1592188679922866,\"email\":\"aaron08@stout.info\",\"updated\":\"2022-01-28T20:13:57.012Z\"},\"maxValues\":{\"user_id\":\"UA000000107400035\",\"user_first_touch_timestamp\":1593881095770512,\"email\":\"zzuniga@fischer.biz\",\"updated\":\"2022-01-28T20:14:38.605Z\"},\"nullCount\":{\"user_id\":0,\"user_first_touch_timestamp\":0,\"email\":54642,\"updated\":0}}","tags":{"INSERTION_TIME":"1643401420000003","OPTIMIZE_TARGET_SIZE":"268435456"}}}
{"commitInfo":{"timestamp":1643401420736,"userId":"7249111304615626","userName":"juno.lee@databricks.com","operation":"CREATE OR REPLACE TABLE AS SELECT","operationParameters":{"isManaged":"true","description":null,"partitionBy":"[]","properties":"{}"},"notebook":{"notebookId":"3102000447582028"},"clusterId":"0128-200635-4psib3qu","isolationLevel":"WriteSerializable","isBlindAppend":false,"operationMetrics":{"numFiles":"4","numOutputRows":"252346","numOutputBytes":"3821297"},"engineInfo":"Databricks-Runtime/10.2.x-scala2.12"}}
