{"remove":{"path":"part-00000-b15dca4c-ade2-473e-ba30-4a771bea4230-c000.snappy.parquet","deletionTimestamp":1643401598125,"dataChange":false,"extendedFileMetadata":true,"partitionValues":{},"size":949622,"tags":{"INSERTION_TIME":"1643401420000000","OPTIMIZE_TARGET_SIZE":"268435456"}}}
{"remove":{"path":"part-00001-1288412f-2fc1-4378-9093-ecc12631f5d1-c000.snappy.parquet","deletionTimestamp":1643401598125,"dataChange":false,"extendedFileMetadata":true,"partitionValues":{},"size":949508,"tags":{"INSERTION_TIME":"1643401420000001","OPTIMIZE_TARGET_SIZE":"268435456"}}}
{"remove":{"path":"part-00002-0c657736-0f53-4294-bb87-615235e1795e-c000.snappy.parquet","deletionTimestamp":1643401598125,"dataChange":false,"extendedFileMetadata":true,"partitionValues":{},"size":940054,"tags":{"INSERTION_TIME":"1643401420000002","OPTIMIZE_TARGET_SIZE":"268435456"}}}
{"remove":{"path":"part-00003-29e575d1-41f1-4bf4-8fdb-3e17e18c29af-c000.snappy.parquet","deletionTimestamp":1643401598125,"dataChange":false,"extendedFileMetadata":true,"partitionValues":{},"size":982113,"tags":{"INSERTION_TIME":"1643401420000003","OPTIMIZE_TARGET_SIZE":"268435456"}}}
{"add":{"path":"part-00000-120d779b-e65e-47ec-a6fc-78e3c3414714-c000.snappy.parquet","partitionValues":{},"size":3810020,"modificationTime":1643401601000,"dataChange":false,"stats":"{\"numRecords\":252346,\"minValues\":{\"user_id\":\"UA000000102357297\",\"user_first_touch_timestamp\":1592181852436328,\"email\":\"aadams@hotmail.com\",\"updated\":\"2022-01-28T20:13:57.012Z\"},\"maxValues\":{\"user_id\":\"UA000000107400035\",\"user_first_touch_timestamp\":1593881095770512,\"email\":\"zzuniga@fischer.biz\",\"updated\":\"2022-01-28T20:14:38.605Z\"},\"nullCount\":{\"user_id\":0,\"user_first_touch_timestamp\":0,\"email\":213269,\"updated\":0}}","tags":{"INSERTION_TIME":"1643401420000000","OPTIMIZE_TARGET_SIZE":"268435456"}}}
{"commitInfo":{"timestamp":1643401600656,"userId":"7249111304615626","userName":"juno.lee@databricks.com","operation":"OPTIMIZE","operationParameters":{"predicate":"[]","zOrderBy":"[]","batchId":"0","auto":false},"notebook":{"notebookId":"3102000447582028"},"clusterId":"0128-200635-4psib3qu","readVersion":0,"isolationLevel":"SnapshotIsolation","isBlindAppend":false,"operationMetrics":{"numRemovedFiles":"4","numRemovedBytes":"3821297","p25FileSize":"3810020","minFileSize":"3810020","numAddedFiles":"1","maxFileSize":"3810020","p75FileSize":"3810020","p50FileSize":"3810020","numAddedBytes":"3810020"},"engineInfo":"Databricks-Runtime/10.2.x-scala2.12"}}
