{"protocol":{"minReaderVersion":1,"minWriterVersion":2}}
{"metaData":{"id":"b2565667-bde1-4fe0-9298-59e8c2cf5bb8","format":{"provider":"parquet","options":{}},"schemaString":"{\"type\":\"struct\",\"fields\":[{\"name\":\"order_id\",\"type\":\"long\",\"nullable\":true,\"metadata\":{}},{\"name\":\"email\",\"type\":\"string\",\"nullable\":true,\"metadata\":{}},{\"name\":\"transaction_timestamp\",\"type\":\"long\",\"nullable\":true,\"metadata\":{}},{\"name\":\"total_item_quantity\",\"type\":\"long\",\"nullable\":true,\"metadata\":{}},{\"name\":\"purchase_revenue_in_usd\",\"type\":\"double\",\"nullable\":true,\"metadata\":{}},{\"name\":\"unique_items\",\"type\":\"long\",\"nullable\":true,\"metadata\":{}},{\"name\":\"items\",\"type\":{\"type\":\"array\",\"elementType\":{\"type\":\"struct\",\"fields\":[{\"name\":\"coupon\",\"type\":\"string\",\"nullable\":true,\"metadata\":{}},{\"name\":\"item_id\",\"type\":\"string\",\"nullable\":true,\"metadata\":{}},{\"name\":\"item_name\",\"type\":\"string\",\"nullable\":true,\"metadata\":{}},{\"name\":\"item_revenue_in_usd\",\"type\":\"double\",\"nullable\":true,\"metadata\":{}},{\"name\":\"price_in_usd\",\"type\":\"double\",\"nullable\":true,\"metadata\":{}},{\"name\":\"quantity\",\"type\":\"long\",\"nullable\":true,\"metadata\":{}}]},\"containsNull\":true},\"nullable\":true,\"metadata\":{}}]}","partitionColumns":[],"configuration":{},"createdTime":1643640599427}}
{"add":{"path":"part-00000-eb64a6d8-3b60-4257-9488-4863895ef390-c000.snappy.parquet","partitionValues":{},"size":335063,"modificationTime":1643640601000,"dataChange":true,"stats":"{\"numRecords\":10539,\"minValues\":{\"order_id\":257434,\"email\":\"aaron08@stout.info\",\"transaction_timestamp\":1592193956703494,\"total_item_quantity\":1,\"purchase_revenue_in_usd\":53.1,\"unique_items\":1},\"maxValues\":{\"order_id\":467758,\"email\":\"zwilson@perry.info\",\"transaction_timestamp\":1593880990897119,\"total_item_quantity\":4,\"purchase_revenue_in_usd\":4351.5,\"unique_items\":4},\"nullCount\":{\"order_id\":0,\"email\":0,\"transaction_timestamp\":0,\"total_item_quantity\":0,\"purchase_revenue_in_usd\":0,\"unique_items\":0,\"items\":0}}","tags":{"INSERTION_TIME":"1643640601000000","OPTIMIZE_TARGET_SIZE":"268435456"}}}
{"commitInfo":{"timestamp":1643640600292,"userId":"7249111304615626","userName":"juno.lee@databricks.com","operation":"CREATE OR REPLACE TABLE AS SELECT","operationParameters":{"isManaged":"true","description":null,"partitionBy":"[]","properties":"{}"},"notebook":{"notebookId":"2882993742236211"},"clusterId":"0128-200635-4psib3qu","isolationLevel":"WriteSerializable","isBlindAppend":false,"operationMetrics":{"numFiles":"1","numOutputRows":"10539","numOutputBytes":"335063"},"engineInfo":"Databricks-Runtime/10.2.x-scala2.12"}}
