{"protocol":{"minReaderVersion":1,"minWriterVersion":2}}
{"metaData":{"id":"de6c40ad-6bcf-40ca-b3ae-78e7afea03f9","format":{"provider":"parquet","options":{}},"schemaString":"{\"type\":\"struct\",\"fields\":[{\"name\":\"item_id\",\"type\":\"string\",\"nullable\":true,\"metadata\":{}},{\"name\":\"name\",\"type\":\"string\",\"nullable\":true,\"metadata\":{}},{\"name\":\"price\",\"type\":\"double\",\"nullable\":true,\"metadata\":{}}]}","partitionColumns":[],"configuration":{},"createdTime":1663874496037}}
{"add":{"path":"part-00000-306d95c8-96b1-4951-8e0b-6ab5a11805b4-c000.snappy.parquet","partitionValues":{},"size":1420,"modificationTime":1663874497000,"dataChange":true,"stats":"{\"numRecords\":12,\"minValues\":{\"item_id\":\"M_PREM_F\",\"name\":\"King Down Pillow\",\"price\":59.0},\"maxValues\":{\"item_id\":\"P_FOAM_S\",\"name\":\"Standard Twin Mattress\",\"price\":1995.0},\"nullCount\":{\"item_id\":0,\"name\":0,\"price\":0}}","tags":{"INSERTION_TIME":"1663874497000000","OPTIMIZE_TARGET_SIZE":"268435456"}}}
{"commitInfo":{"timestamp":1663874497622,"userId":"8598139271121446","userName":"jacob.parr@databricks.com","operation":"WRITE","operationParameters":{"mode":"ErrorIfExists","partitionBy":"[]"},"notebook":{"notebookId":"1148970101564436"},"clusterId":"1117-212444-7o693v9s","isolationLevel":"WriteSerializable","isBlindAppend":true,"operationMetrics":{"numFiles":"1","numOutputRows":"12","numOutputBytes":"1420"},"engineInfo":"Databricks-Runtime/10.4.x-scala2.12","txnId":"ac0309cd-01fe-4dcf-bf5a-1109ca79cf98"}}
