{"add":{"path":"part-00000-70b394f0-2afc-47c3-b491-2761cd8bfea8-c000.snappy.parquet","partitionValues":{},"size":62936,"modificationTime":1643640970000,"dataChange":true,"stats":"{\"numRecords\":1927,\"minValues\":{\"device\":\"Android\",\"ecommerce\":{\"purchase_revenue_in_usd\":535.5,\"total_item_quantity\":1,\"unique_items\":1},\"event_name\":\"add_item\",\"event_previous_timestamp\":1593551494541922,\"event_timestamp\":1593879303622983,\"geo\":{\"city\":\"Aberdeen\",\"state\":\"AK\"},\"traffic_source\":\"direct\",\"user_first_touch_timestamp\":1593466238479412,\"user_id\":\"UA000000106169913\"},\"maxValues\":{\"device\":\"macOS\",\"ecommerce\":{\"purchase_revenue_in_usd\":1695.0,\"total_item_quantity\":2,\"unique_items\":2},\"event_name\":\"warranty\",\"event_previous_timestamp\":1593881075154299,\"event_timestamp\":1593881096263255,\"geo\":{\"city\":\"Zanesville\",\"state\":\"WY\"},\"traffic_source\":\"youtube\",\"user_first_touch_timestamp\":1593881095770512,\"user_id\":\"UA000000107400035\"},\"nullCount\":{\"device\":0,\"ecommerce\":{\"purchase_revenue_in_usd\":1898,\"total_item_quantity\":1898,\"unique_items\":1898},\"event_name\":0,\"event_previous_timestamp\":845,\"event_timestamp\":0,\"geo\":{\"city\":0,\"state\":0},\"items\":0,\"traffic_source\":0,\"user_first_touch_timestamp\":0,\"user_id\":0}}","tags":{"INSERTION_TIME":"1643640970000000","OPTIMIZE_TARGET_SIZE":"268435456"}}}
{"remove":{"path":"part-00000-743be31f-a839-469b-a62e-4d335c751281-c000.snappy.parquet","deletionTimestamp":1643640969153,"dataChange":true,"extendedFileMetadata":true,"partitionValues":{},"size":62936,"tags":{"INSERTION_TIME":"1643640597000000","OPTIMIZE_TARGET_SIZE":"268435456"}}}
{"commitInfo":{"timestamp":1643640969154,"userId":"7249111304615626","userName":"juno.lee@databricks.com","operation":"CREATE OR REPLACE TABLE AS SELECT","operationParameters":{"isManaged":"true","description":null,"partitionBy":"[]","properties":"{}"},"notebook":{"notebookId":"2882993742236211"},"clusterId":"0128-200635-4psib3qu","readVersion":0,"isolationLevel":"WriteSerializable","isBlindAppend":false,"operationMetrics":{"numFiles":"1","numOutputRows":"1927","numOutputBytes":"62936"},"engineInfo":"Databricks-Runtime/10.2.x-scala2.12"}}
