{"protocol":{"minReaderVersion":1,"minWriterVersion":2}}
{"metaData":{"id":"d9219eef-93a5-4184-b754-329c58c9593b","format":{"provider":"parquet","options":{}},"schemaString":"{\"type\":\"struct\",\"fields\":[{\"name\":\"device\",\"type\":\"string\",\"nullable\":true,\"metadata\":{}},{\"name\":\"ecommerce\",\"type\":{\"type\":\"struct\",\"fields\":[{\"name\":\"purchase_revenue_in_usd\",\"type\":\"double\",\"nullable\":true,\"metadata\":{}},{\"name\":\"total_item_quantity\",\"type\":\"long\",\"nullable\":true,\"metadata\":{}},{\"name\":\"unique_items\",\"type\":\"long\",\"nullable\":true,\"metadata\":{}}]},\"nullable\":true,\"metadata\":{}},{\"name\":\"event_name\",\"type\":\"string\",\"nullable\":true,\"metadata\":{}},{\"name\":\"event_previous_timestamp\",\"type\":\"long\",\"nullable\":true,\"metadata\":{}},{\"name\":\"event_timestamp\",\"type\":\"long\",\"nullable\":true,\"metadata\":{}},{\"name\":\"geo\",\"type\":{\"type\":\"struct\",\"fields\":[{\"name\":\"city\",\"type\":\"string\",\"nullable\":true,\"metadata\":{}},{\"name\":\"state\",\"type\":\"string\",\"nullable\":true,\"metadata\":{}}]},\"nullable\":true,\"metadata\":{}},{\"name\":\"items\",\"type\":{\"type\":\"array\",\"elementType\":{\"type\":\"struct\",\"fields\":[{\"name\":\"coupon\",\"type\":\"string\",\"nullable\":true,\"metadata\":{}},{\"name\":\"item_id\",\"type\":\"string\",\"nullable\":true,\"metadata\":{}},{\"name\":\"item_name\",\"type\":\"string\",\"nullable\":true,\"metadata\":{}},{\"name\":\"item_revenue_in_usd\",\"type\":\"double\",\"nullable\":true,\"metadata\":{}},{\"name\":\"price_in_usd\",\"type\":\"double\",\"nullable\":true,\"metadata\":{}},{\"name\":\"quantity\",\"type\":\"long\",\"nullable\":true,\"metadata\":{}}]},\"containsNull\":true},\"nullable\":true,\"metadata\":{}},{\"name\":\"traffic_source\",\"type\":\"string\",\"nullable\":true,\"metadata\":{}},{\"name\":\"user_first_touch_timestamp\",\"type\":\"long\",\"nullable\":true,\"metadata\":{}},{\"name\":\"user_id\",\"type\":\"string\",\"nullable\":true,\"metadata\":{}}]}","partitionColumns":[],"configuration":{},"createdTime":1643640596484}}
{"add":{"path":"part-00000-743be31f-a839-469b-a62e-4d335c751281-c000.snappy.parquet","partitionValues":{},"size":62936,"modificationTime":1643640597000,"dataChange":true,"stats":"{\"numRecords\":1927,\"minValues\":{\"device\":\"Android\",\"ecommerce\":{\"purchase_revenue_in_usd\":535.5,\"total_item_quantity\":1,\"unique_items\":1},\"event_name\":\"add_item\",\"event_previous_timestamp\":1593551494541922,\"event_timestamp\":1593879303622983,\"geo\":{\"city\":\"Aberdeen\",\"state\":\"AK\"},\"traffic_source\":\"direct\",\"user_first_touch_timestamp\":1593466238479412,\"user_id\":\"UA000000106169913\"},\"maxValues\":{\"device\":\"macOS\",\"ecommerce\":{\"purchase_revenue_in_usd\":1695.0,\"total_item_quantity\":2,\"unique_items\":2},\"event_name\":\"warranty\",\"event_previous_timestamp\":1593881075154299,\"event_timestamp\":1593881096263255,\"geo\":{\"city\":\"Zanesville\",\"state\":\"WY\"},\"traffic_source\":\"youtube\",\"user_first_touch_timestamp\":1593881095770512,\"user_id\":\"UA000000107400035\"},\"nullCount\":{\"device\":0,\"ecommerce\":{\"purchase_revenue_in_usd\":1898,\"total_item_quantity\":1898,\"unique_items\":1898},\"event_name\":0,\"event_previous_timestamp\":845,\"event_timestamp\":0,\"geo\":{\"city\":0,\"state\":0},\"items\":0,\"traffic_source\":0,\"user_first_touch_timestamp\":0,\"user_id\":0}}","tags":{"INSERTION_TIME":"1643640597000000","OPTIMIZE_TARGET_SIZE":"268435456"}}}
{"commitInfo":{"timestamp":1643640597031,"userId":"7249111304615626","userName":"juno.lee@databricks.com","operation":"CREATE OR REPLACE TABLE AS SELECT","operationParameters":{"isManaged":"true","description":null,"partitionBy":"[]","properties":"{}"},"notebook":{"notebookId":"2882993742236211"},"clusterId":"0128-200635-4psib3qu","isolationLevel":"WriteSerializable","isBlindAppend":false,"operationMetrics":{"numFiles":"1","numOutputRows":"1927","numOutputBytes":"62936"},"engineInfo":"Databricks-Runtime/10.2.x-scala2.12"}}
