{"commitInfo":{"timestamp":1683807075989,"operation":"STREAMING UPDATE","operationParameters":{"outputMode":"Append","queryId":"1ff78300-3642-46b1-a335-f7cdfb33e47d","epochId":"0"},"readVersion":0,"isolationLevel":"WriteSerializable","isBlindAppend":true,"operationMetrics":{"numRemovedFiles":"0","numOutputRows":"70","numOutputBytes":"2442","numAddedFiles":"1"},"engineInfo":"Databricks-Runtime/dlt:11.3-delta-pipelines-e09d063-80beb56-c5444f5-custom-local","txnId":"4bb243ab-8e87-4e69-a48e-e4bee130f22b"}}
{"txn":{"appId":"1ff78300-3642-46b1-a335-f7cdfb33e47d","version":0,"lastUpdated":1683807075988}}
{"add":{"path":"part-00000-98c83951-52a2-443f-9277-0c513b288507-c000.snappy.parquet","partitionValues":{},"size":2442,"modificationTime":1683807076000,"dataChange":true,"stats":"{\"numRecords\":70,\"minValues\":{\"user_id\":12474,\"workout_id\":0,\"timestamp\":1.57518349E9,\"action\":\"start\",\"session_id\":1},\"maxValues\":{\"user_id\":45875,\"workout_id\":49,\"timestamp\":1.5752343E9,\"action\":\"stop\",\"session_id\":492},\"nullCount\":{\"user_id\":0,\"workout_id\":0,\"timestamp\":0,\"action\":0,\"session_id\":0}}","tags":{"INSERTION_TIME":"1683807076000000","MIN_INSERTION_TIME":"1683807076000000","MAX_INSERTION_TIME":"1683807076000000","OPTIMIZE_TARGET_SIZE":"268435456"}}}
