{"commitInfo":{"timestamp":1683807035211,"operation":"DLT SETUP","operationParameters":{"pipelineId":"eebe1c25-1aa2-4b9b-8ac6-1601fd4f9d53","updateId":"2ae4f3c7-962f-4b71-ae22-3a4760b51974"},"isolationLevel":"WriteSerializable","isBlindAppend":false,"operationMetrics":{},"engineInfo":"Databricks-Runtime/dlt:11.3-delta-pipelines-e09d063-80beb56-c5444f5-custom-local","txnId":"af525315-d37b-49f2-a106-4dcc2fec0999"}}
{"protocol":{"minReaderVersion":1,"minWriterVersion":2}}
{"metaData":{"id":"9d4c2d7e-19f7-406a-8391-cf2d64134983","name":"workouts_bronze","description":"Parsed streaming data for bronze workout records","format":{"provider":"parquet","options":{}},"schemaString":"{\"type\":\"struct\",\"fields\":[{\"name\":\"user_id\",\"type\":\"integer\",\"nullable\":true,\"metadata\":{}},{\"name\":\"workout_id\",\"type\":\"integer\",\"nullable\":true,\"metadata\":{}},{\"name\":\"timestamp\",\"type\":\"float\",\"nullable\":true,\"metadata\":{}},{\"name\":\"action\",\"type\":\"string\",\"nullable\":true,\"metadata\":{}},{\"name\":\"session_id\",\"type\":\"integer\",\"nullable\":true,\"metadata\":{}}]}","partitionColumns":[],"configuration":{"quality":"bronze","pipelines.metastore.tableName":"`juno_kzf6_da_delp_prod`.`workouts_bronze`","pipelines.pipelineId":"eebe1c25-1aa2-4b9b-8ac6-1601fd4f9d53"},"createdTime":1683807034994}}
