{"commitInfo":{"timestamp":1683807265180,"operation":"STREAMING UPDATE","operationParameters":{"outputMode":"Append","queryId":"1ff78300-3642-46b1-a335-f7cdfb33e47d","epochId":"1"},"readVersion":1,"isolationLevel":"WriteSerializable","isBlindAppend":true,"operationMetrics":{"numRemovedFiles":"0","numOutputRows":"1444","numOutputBytes":"13144","numAddedFiles":"1"},"engineInfo":"Databricks-Runtime/dlt:11.3-delta-pipelines-e09d063-80beb56-c5444f5-custom-local","txnId":"c4314ea2-7b50-44e0-b656-dd0e9037ba8c"}}
{"txn":{"appId":"1ff78300-3642-46b1-a335-f7cdfb33e47d","version":1,"lastUpdated":1683807265178}}
{"add":{"path":"part-00000-b4eeaf0b-a31e-43d1-ab21-093f69b99685-c000.snappy.parquet","partitionValues":{},"size":13144,"modificationTime":1683807265000,"dataChange":true,"stats":"{\"numRecords\":1444,\"minValues\":{\"user_id\":11745,\"workout_id\":0,\"timestamp\":1.57527014E9,\"action\":\"start\",\"session_id\":1},\"maxValues\":{\"user_id\":49835,\"workout_id\":49,\"timestamp\":1.57651238E9,\"action\":\"stop\",\"session_id\":508},\"nullCount\":{\"user_id\":0,\"workout_id\":0,\"timestamp\":0,\"action\":0,\"session_id\":0}}","tags":{"INSERTION_TIME":"1683807265000000","MIN_INSERTION_TIME":"1683807265000000","MAX_INSERTION_TIME":"1683807265000000","OPTIMIZE_TARGET_SIZE":"268435456"}}}
