{"protocol":{"minReaderVersion":1,"minWriterVersion":2}}
{"metaData":{"id":"591d1c28-184f-4db0-98e7-ed95e64d2354","format":{"provider":"parquet","options":{}},"schemaString":"{\"type\":\"struct\",\"fields\":[{\"name\":\"key\",\"type\":\"binary\",\"nullable\":true,\"metadata\":{}},{\"name\":\"offset\",\"type\":\"long\",\"nullable\":true,\"metadata\":{}},{\"name\":\"partition\",\"type\":\"integer\",\"nullable\":true,\"metadata\":{}},{\"name\":\"timestamp\",\"type\":\"long\",\"nullable\":true,\"metadata\":{}},{\"name\":\"topic\",\"type\":\"string\",\"nullable\":true,\"metadata\":{}},{\"name\":\"value\",\"type\":\"binary\",\"nullable\":true,\"metadata\":{}}]}","partitionColumns":[],"configuration":{},"createdTime":1643401538880}}
{"add":{"path":"part-00000-eb3804a7-e6d2-4232-a604-4a5f378cbd8b-c000.snappy.parquet","partitionValues":{},"size":47656,"modificationTime":1643401540000,"dataChange":true,"stats":"{\"numRecords\":673,\"minValues\":{\"offset\":219243672,\"partition\":0,\"timestamp\":1593879975229,\"topic\":\"clickstream\"},\"maxValues\":{\"offset\":219439638,\"partition\":1,\"timestamp\":1593880999434,\"topic\":\"clickstream\"},\"nullCount\":{\"key\":0,\"offset\":0,\"partition\":0,\"timestamp\":0,\"topic\":0,\"value\":0}}","tags":{"INSERTION_TIME":"1643401540000000","OPTIMIZE_TARGET_SIZE":"268435456"}}}
{"add":{"path":"part-00001-93696ca4-c3de-42d9-a281-e8c4e512738c-c000.snappy.parquet","partitionValues":{},"size":44470,"modificationTime":1643401540000,"dataChange":true,"stats":"{\"numRecords\":606,\"minValues\":{\"offset\":219241759,\"partition\":0,\"timestamp\":1593879811736,\"topic\":\"clickstream\"},\"maxValues\":{\"offset\":219437133,\"partition\":1,\"timestamp\":1593880826097,\"topic\":\"clickstream\"},\"nullCount\":{\"key\":0,\"offset\":0,\"partition\":0,\"timestamp\":0,\"topic\":0,\"value\":0}}","tags":{"INSERTION_TIME":"1643401540000001","OPTIMIZE_TARGET_SIZE":"268435456"}}}
{"add":{"path":"part-00002-24b51664-dc5c-4fb0-9dbb-70e5ae552b4d-c000.snappy.parquet","partitionValues":{},"size":45867,"modificationTime":1643401540000,"dataChange":true,"stats":"{\"numRecords\":641,\"minValues\":{\"offset\":219237955,\"partition\":0,\"timestamp\":1593879467037,\"topic\":\"clickstream\"},\"maxValues\":{\"offset\":219430725,\"partition\":1,\"timestamp\":1593880323831,\"topic\":\"clickstream\"},\"nullCount\":{\"key\":0,\"offset\":0,\"partition\":0,\"timestamp\":0,\"topic\":0,\"value\":0}}","tags":{"INSERTION_TIME":"1643401540000002","OPTIMIZE_TARGET_SIZE":"268435456"}}}
{"add":{"path":"part-00003-3b83a3ba-1367-4da8-9702-13b3413573ad-c000.snappy.parquet","partitionValues":{},"size":26036,"modificationTime":1643401540000,"dataChange":true,"stats":"{\"numRecords\":332,\"minValues\":{\"offset\":219235917,\"partition\":0,\"timestamp\":1593879303631,\"topic\":\"clickstream\"},\"maxValues\":{\"offset\":219440939,\"partition\":1,\"timestamp\":1593881096290,\"topic\":\"clickstream\"},\"nullCount\":{\"key\":0,\"offset\":0,\"partition\":0,\"timestamp\":0,\"topic\":0,\"value\":0}}","tags":{"INSERTION_TIME":"1643401540000003","OPTIMIZE_TARGET_SIZE":"268435456"}}}
{"commitInfo":{"timestamp":1643401540124,"userId":"7249111304615626","userName":"juno.lee@databricks.com","operation":"CREATE OR REPLACE TABLE AS SELECT","operationParameters":{"isManaged":"true","description":null,"partitionBy":"[]","properties":"{}"},"notebook":{"notebookId":"3102000447582028"},"clusterId":"0128-200635-4psib3qu","isolationLevel":"WriteSerializable","isBlindAppend":false,"operationMetrics":{"numFiles":"4","numOutputRows":"2252","numOutputBytes":"164029"},"engineInfo":"Databricks-Runtime/10.2.x-scala2.12"}}
