{"remove":{"path":"part-00000-eb3804a7-e6d2-4232-a604-4a5f378cbd8b-c000.snappy.parquet","deletionTimestamp":1643401701129,"dataChange":false,"extendedFileMetadata":true,"partitionValues":{},"size":47656,"tags":{"INSERTION_TIME":"1643401540000000","OPTIMIZE_TARGET_SIZE":"268435456"}}}
{"remove":{"path":"part-00001-93696ca4-c3de-42d9-a281-e8c4e512738c-c000.snappy.parquet","deletionTimestamp":1643401701129,"dataChange":false,"extendedFileMetadata":true,"partitionValues":{},"size":44470,"tags":{"INSERTION_TIME":"1643401540000001","OPTIMIZE_TARGET_SIZE":"268435456"}}}
{"remove":{"path":"part-00002-24b51664-dc5c-4fb0-9dbb-70e5ae552b4d-c000.snappy.parquet","deletionTimestamp":1643401701129,"dataChange":false,"extendedFileMetadata":true,"partitionValues":{},"size":45867,"tags":{"INSERTION_TIME":"1643401540000002","OPTIMIZE_TARGET_SIZE":"268435456"}}}
{"remove":{"path":"part-00003-3b83a3ba-1367-4da8-9702-13b3413573ad-c000.snappy.parquet","deletionTimestamp":1643401701129,"dataChange":false,"extendedFileMetadata":true,"partitionValues":{},"size":26036,"tags":{"INSERTION_TIME":"1643401540000003","OPTIMIZE_TARGET_SIZE":"268435456"}}}
{"add":{"path":"part-00000-59dc39c3-23d2-4b58-a6b8-82455f9674f0-c000.snappy.parquet","partitionValues":{},"size":150200,"modificationTime":1643401703000,"dataChange":false,"stats":"{\"numRecords\":2252,\"minValues\":{\"offset\":219235917,\"partition\":0,\"timestamp\":1593879303631,\"topic\":\"clickstream\"},\"maxValues\":{\"offset\":219440939,\"partition\":1,\"timestamp\":1593881096290,\"topic\":\"clickstream\"},\"nullCount\":{\"key\":0,\"offset\":0,\"partition\":0,\"timestamp\":0,\"topic\":0,\"value\":0}}","tags":{"INSERTION_TIME":"1643401540000000","OPTIMIZE_TARGET_SIZE":"268435456"}}}
{"commitInfo":{"timestamp":1643401702221,"userId":"7249111304615626","userName":"juno.lee@databricks.com","operation":"OPTIMIZE","operationParameters":{"predicate":"[]","zOrderBy":"[]","batchId":"0","auto":false},"notebook":{"notebookId":"3102000447582028"},"clusterId":"0128-200635-4psib3qu","readVersion":0,"isolationLevel":"SnapshotIsolation","isBlindAppend":false,"operationMetrics":{"numRemovedFiles":"4","numRemovedBytes":"164029","p25FileSize":"150200","minFileSize":"150200","numAddedFiles":"1","maxFileSize":"150200","p75FileSize":"150200","p50FileSize":"150200","numAddedBytes":"150200"},"engineInfo":"Databricks-Runtime/10.2.x-scala2.12"}}
