{"commitInfo":{"timestamp":1684480980133,"operation":"MERGE","operationParameters":{"predicate":"(alt_id <=> tgt.alt_id)","matchedPredicates":"[{\"predicate\":\"(((src.__DeleteVersion IS NOT NULL) AND (tgt.__DeleteVersion IS NOT NULL)) AND (src.__DeleteVersion > tgt.__DeleteVersion))\",\"actionType\":\"update\"},{\"predicate\":\"(((src.__DeleteVersion IS NOT NULL) AND (tgt.__DeleteVersion IS NULL)) AND ((src.__DeleteVersion > tgt.__UpsertVersion) OR (tgt.__UpsertVersion IS NULL)))\",\"actionType\":\"update\"},{\"predicate\":\"(((src.__DeleteVersion IS NULL) AND (tgt.__DeleteVersion IS NOT NULL)) AND (src.__UpsertVersion > tgt.__DeleteVersion))\",\"actionType\":\"update\"},{\"predicate\":\"(((src.__DeleteVersion IS NULL) AND (tgt.__DeleteVersion IS NULL)) AND ((src.__UpsertVersion > tgt.__UpsertVersion) OR (tgt.__UpsertVersion IS NULL)))\",\"actionType\":\"update\"}]","notMatchedPredicates":"[{\"actionType\":\"insert\"}]","notMatchedBySourcePredicates":"[]"},"readVersion":1,"isolationLevel":"WriteSerializable","isBlindAppend":false,"operationMetrics":{"numTargetRowsCopied":"0","numTargetRowsDeleted":"0","numTargetFilesAdded":"1","numTargetBytesAdded":"10304","numTargetBytesRemoved":"0","numTargetDeletionVectorsAdded":"0","numTargetRowsMatchedUpdated":"0","executionTimeMs":"2273","numTargetRowsInserted":"42","numTargetRowsMatchedDeleted":"0","scanTimeMs":"1192","numTargetRowsUpdated":"0","numOutputRows":"42","numTargetDeletionVectorsRemoved":"0","numTargetRowsNotMatchedBySourceUpdated":"0","numTargetChangeFilesAdded":"0","numSourceRows":"42","numTargetFilesRemoved":"0","numTargetRowsNotMatchedBySourceDeleted":"0","rewriteTimeMs":"548"},"engineInfo":"Databricks-Runtime/dlt:12.2-delta-pipelines-7194109-80beb56-1a59f15-custom-local","txnId":"72f10c8d-e6b3-4f24-b336-408f76914f41"}}
{"add":{"path":"part-00000-59244777-159f-4b7f-ac7b-43938c948056-c000.snappy.parquet","partitionValues":{},"size":10304,"modificationTime":1684480980000,"dataChange":true,"stats":"{\"numRecords\":42,\"minValues\":{\"alt_id\":\"0003f1837ee331d971fb1739220672ac\",\"updated\":\"2019-04-17T22:19:44.000Z\",\"dob\":\"1921-02-08\",\"sex\":\"F\",\"gender\":\"F\",\"first_name\":\"Adrian\",\"last_name\":\"Allen\",\"street_address\":\"009 William Trace\",\"city\":\"Altadena\",\"state\":\"CA\",\"zip\":90009,\"__Timestamp\":1684480975187,\"__UpsertVersion\":\"2019-04-17T22:19:44.000Z\"},\"maxValues\":{\"alt_id\":\"fad7615e297311025a0abe1b742aed06�\",\"updated\":\"2019-12-01T17:59:28.000Z\",\"dob\":\"2001-02-01\",\"sex\":\"M\",\"gender\":\"O\",\"first_name\":\"William\",\"last_name\":\"Williams\",\"street_address\":\"973 Norman Mountain Apt. 290\",\"city\":\"Woodland Hills\",\"state\":\"CA\",\"zip\":93563,\"__Timestamp\":1684480975187,\"__UpsertVersion\":\"2019-12-01T17:59:28.000Z\"},\"nullCount\":{\"alt_id\":0,\"updated\":0,\"dob\":0,\"sex\":0,\"gender\":0,\"first_name\":0,\"last_name\":0,\"street_address\":0,\"city\":0,\"state\":0,\"zip\":0,\"__Timestamp\":0,\"__DeleteVersion\":42,\"__UpsertVersion\":0}}","tags":{"INSERTION_TIME":"1684480980000000","MIN_INSERTION_TIME":"1684480980000000","MAX_INSERTION_TIME":"1684480980000000","OPTIMIZE_TARGET_SIZE":"268435456"}}}
