{"commitInfo":{"timestamp":1684481179864,"operation":"DELETE","operationParameters":{"predicate":"[\"false\"]"},"readVersion":2,"isolationLevel":"WriteSerializable","isBlindAppend":false,"operationMetrics":{"numRemovedFiles":"0","numRemovedBytes":"0","numCopiedRows":"0","numDeletionVectorsAdded":"0","numDeletionVectorsRemoved":"0","numAddedChangeFiles":"0","executionTimeMs":"19","numDeletedRows":"0","scanTimeMs":"19","numAddedFiles":"0","numAddedBytes":"0","rewriteTimeMs":"0"},"engineInfo":"Databricks-Runtime/dlt:12.2-delta-pipelines-7194109-80beb56-1a59f15-custom-local","txnId":"42d998ac-7685-4966-995a-a4cdf147a9bb"}}
