{"commitInfo":{"timestamp":1684485693285,"userId":"5891844625995704","userName":"junoleelj@gmail.com","operation":"OPTIMIZE","operationParameters":{"predicate":"[]","zOrderBy":"[]","batchId":"0","auto":false},"job":{"jobId":"75624480502127","jobName":"Pipeline Maintenance - junoleelj-o4et-da-delp-prod: ETL Pipeline - PROD - ea3fdd2a-e906-4636-b76b-351f96da3093","runId":"51752","jobOwnerId":"5891844625995704","triggerType":"cron"},"clusterId":"0519-083652-eoj01vqs","readVersion":4,"isolationLevel":"SnapshotIsolation","isBlindAppend":false,"operationMetrics":{"numRemovedFiles":"2","numRemovedBytes":"22695","p25FileSize":"18043","numDeletionVectorsRemoved":"0","minFileSize":"18043","numAddedFiles":"1","maxFileSize":"18043","p75FileSize":"18043","p50FileSize":"18043","numAddedBytes":"18043"},"engineInfo":"Databricks-Runtime/dlt:12.2-delta-pipelines-7194109-80beb56-1a59f15-custom-local","txnId":"84fc3e32-4740-4af5-9d4b-0c53742171ba"}}
{"remove":{"path":"part-00000-56e10c3d-af87-454b-9a03-ff9a71b46572-c000.snappy.parquet","deletionTimestamp":1684485692792,"dataChange":false,"extendedFileMetadata":true,"partitionValues":{},"size":8213,"tags":{"MAX_INSERTION_TIME":"1684480980000000","INSERTION_TIME":"1684480980000000","MIN_INSERTION_TIME":"1684480980000000","OPTIMIZE_TARGET_SIZE":"268435456"}}}
{"remove":{"path":"part-00000-a52c4eb9-95f1-4bcc-bb62-b162f4e7c916-c000.snappy.parquet","deletionTimestamp":1684485692792,"dataChange":false,"extendedFileMetadata":true,"partitionValues":{},"size":14482,"tags":{"MAX_INSERTION_TIME":"1684481185000000","INSERTION_TIME":"1684481185000000","MIN_INSERTION_TIME":"1684480980000000","OPTIMIZE_TARGET_SIZE":"268435456"}}}
{"add":{"path":"part-00000-487e3027-9373-4593-a1c6-db10bc983475-c000.snappy.parquet","partitionValues":{},"size":18043,"modificationTime":1684485694000,"dataChange":false,"stats":"{\"numRecords\":100,\"minValues\":{\"alt_id\":\"0003f1837ee331d971fb1739220672ac\",\"updated\":\"2019-04-17T22:19:44.000Z\",\"dob\":\"1925-02-26\",\"sex\":\"F\",\"gender\":\"F\",\"first_name\":\"Alexis\",\"last_name\":\"Aguilar\",\"street_address\":\"000 Huber Extension Apt. 632\",\"city\":\"Alhambra\",\"state\":\"CA\",\"zip\":90009,\"__Timestamp\":1684480975187,\"__DeleteVersion\":\"2019-12-08T23:21:36.000Z\",\"__UpsertVersion\":\"2019-04-17T22:19:44.000Z\"},\"maxValues\":{\"alt_id\":\"fad7615e297311025a0abe1b742aed06�\",\"updated\":\"2019-12-16T16:38:24.000Z\",\"dob\":\"2001-12-20\",\"sex\":\"M\",\"gender\":\"M\",\"first_name\":\"William\",\"last_name\":\"Wright\",\"street_address\":\"993 Smith Mountain Apt. 056\",\"city\":\"Woodland Hills\",\"state\":\"CA\",\"zip\":93563,\"__Timestamp\":1684481179574,\"__DeleteVersion\":\"2019-12-16T16:38:24.000Z\",\"__UpsertVersion\":\"2019-12-16T16:38:24.000Z\"},\"nullCount\":{\"alt_id\":0,\"updated\":0,\"dob\":6,\"sex\":6,\"gender\":6,\"first_name\":6,\"last_name\":6,\"street_address\":6,\"city\":6,\"state\":6,\"zip\":6,\"__Timestamp\":0,\"__DeleteVersion\":94,\"__UpsertVersion\":0}}","tags":{"MAX_INSERTION_TIME":"1684481185000000","INSERTION_TIME":"1684480980000000","MIN_INSERTION_TIME":"1684480980000000","OPTIMIZE_TARGET_SIZE":"268435456"}}}
