{"commitInfo":{"timestamp":1684480865455,"operation":"DLT SETUP","operationParameters":{"pipelineId":"ea3fdd2a-e906-4636-b76b-351f96da3093","updateId":"4c522c4e-7bf6-4dfc-802d-326a5e27ab5e"},"isolationLevel":"WriteSerializable","isBlindAppend":false,"operationMetrics":{},"engineInfo":"Databricks-Runtime/dlt:12.2-delta-pipelines-7194109-80beb56-1a59f15-custom-local","txnId":"e6798bcd-ee4d-4e20-b22d-e3901cccccc3"}}
{"protocol":{"minReaderVersion":1,"minWriterVersion":2}}
{"metaData":{"id":"78b22285-ebe4-4856-a801-a424e0f2575d","name":"users_silver","format":{"provider":"parquet","options":{}},"schemaString":"{\"type\":\"struct\",\"fields\":[{\"name\":\"alt_id\",\"type\":\"string\",\"nullable\":true,\"metadata\":{}},{\"name\":\"updated\",\"type\":\"timestamp\",\"nullable\":true,\"metadata\":{}},{\"name\":\"dob\",\"type\":\"date\",\"nullable\":true,\"metadata\":{}},{\"name\":\"sex\",\"type\":\"string\",\"nullable\":true,\"metadata\":{}},{\"name\":\"gender\",\"type\":\"string\",\"nullable\":true,\"metadata\":{}},{\"name\":\"first_name\",\"type\":\"string\",\"nullable\":true,\"metadata\":{}},{\"name\":\"last_name\",\"type\":\"string\",\"nullable\":true,\"metadata\":{}},{\"name\":\"street_address\",\"type\":\"string\",\"nullable\":true,\"metadata\":{}},{\"name\":\"city\",\"type\":\"string\",\"nullable\":true,\"metadata\":{}},{\"name\":\"state\",\"type\":\"string\",\"nullable\":true,\"metadata\":{}},{\"name\":\"zip\",\"type\":\"integer\",\"nullable\":true,\"metadata\":{}},{\"name\":\"__Timestamp\",\"type\":\"long\",\"nullable\":true,\"metadata\":{}},{\"name\":\"__DeleteVersion\",\"type\":\"timestamp\",\"nullable\":true,\"metadata\":{}},{\"name\":\"__UpsertVersion\",\"type\":\"timestamp\",\"nullable\":true,\"metadata\":{}}]}","partitionColumns":[],"configuration":{"quality":"silver","pipelines.metastore.tableName":"`junoleelj_o4et_da_delp_prod`.`users_silver`","pipelines.pipelineId":"ea3fdd2a-e906-4636-b76b-351f96da3093"},"createdTime":1684480865080}}
