{"commitInfo":{"timestamp":1684481185060,"operation":"MERGE","operationParameters":{"predicate":"(alt_id <=> tgt.alt_id)","matchedPredicates":"[{\"predicate\":\"(((src.__DeleteVersion IS NOT NULL) AND (tgt.__DeleteVersion IS NOT NULL)) AND (src.__DeleteVersion > tgt.__DeleteVersion))\",\"actionType\":\"update\"},{\"predicate\":\"(((src.__DeleteVersion IS NOT NULL) AND (tgt.__DeleteVersion IS NULL)) AND ((src.__DeleteVersion > tgt.__UpsertVersion) OR (tgt.__UpsertVersion IS NULL)))\",\"actionType\":\"update\"},{\"predicate\":\"(((src.__DeleteVersion IS NULL) AND (tgt.__DeleteVersion IS NOT NULL)) AND (src.__UpsertVersion > tgt.__DeleteVersion))\",\"actionType\":\"update\"},{\"predicate\":\"(((src.__DeleteVersion IS NULL) AND (tgt.__DeleteVersion IS NULL)) AND ((src.__UpsertVersion > tgt.__UpsertVersion) OR (tgt.__UpsertVersion IS NULL)))\",\"actionType\":\"update\"}]","notMatchedPredicates":"[{\"actionType\":\"insert\"}]","notMatchedBySourcePredicates":"[]"},"readVersion":3,"isolationLevel":"WriteSerializable","isBlindAppend":false,"operationMetrics":{"numTargetRowsCopied":"27","numTargetRowsDeleted":"0","numTargetFilesAdded":"2","numTargetBytesAdded":"22695","numTargetBytesRemoved":"10304","numTargetDeletionVectorsAdded":"0","numTargetRowsMatchedUpdated":"15","executionTimeMs":"3351","numTargetRowsInserted":"58","numTargetRowsMatchedDeleted":"0","scanTimeMs":"1581","numTargetRowsUpdated":"15","numOutputRows":"100","numTargetDeletionVectorsRemoved":"0","numTargetRowsNotMatchedBySourceUpdated":"0","numTargetChangeFilesAdded":"0","numSourceRows":"73","numTargetFilesRemoved":"1","numTargetRowsNotMatchedBySourceDeleted":"0","rewriteTimeMs":"1061"},"engineInfo":"Databricks-Runtime/dlt:12.2-delta-pipelines-7194109-80beb56-1a59f15-custom-local","txnId":"1a941564-47f0-473d-b070-00b33965aae1"}}
{"remove":{"path":"part-00000-59244777-159f-4b7f-ac7b-43938c948056-c000.snappy.parquet","deletionTimestamp":1684481184957,"dataChange":true,"extendedFileMetadata":true,"partitionValues":{},"size":10304,"tags":{"INSERTION_TIME":"1684480980000000","MIN_INSERTION_TIME":"1684480980000000","MAX_INSERTION_TIME":"1684480980000000","OPTIMIZE_TARGET_SIZE":"268435456"}}}
{"add":{"path":"part-00000-56e10c3d-af87-454b-9a03-ff9a71b46572-c000.snappy.parquet","partitionValues":{},"size":8213,"modificationTime":1684481185000,"dataChange":true,"stats":"{\"numRecords\":27,\"minValues\":{\"alt_id\":\"0003f1837ee331d971fb1739220672ac\",\"updated\":\"2019-04-17T22:19:44.000Z\",\"dob\":\"1925-02-26\",\"sex\":\"F\",\"gender\":\"F\",\"first_name\":\"Alexis\",\"last_name\":\"Allen\",\"street_address\":\"02648 Wilkins Cliffs Suite 998\",\"city\":\"Arcadia\",\"state\":\"CA\",\"zip\":90009,\"__Timestamp\":1684480975187,\"__UpsertVersion\":\"2019-04-17T22:19:44.000Z\"},\"maxValues\":{\"alt_id\":\"fad7615e297311025a0abe1b742aed06�\",\"updated\":\"2019-12-01T17:59:28.000Z\",\"dob\":\"2001-02-01\",\"sex\":\"M\",\"gender\":\"M\",\"first_name\":\"William\",\"last_name\":\"Williams\",\"street_address\":\"973 Norman Mountain Apt. 290\",\"city\":\"Woodland Hills\",\"state\":\"CA\",\"zip\":93563,\"__Timestamp\":1684480975187,\"__UpsertVersion\":\"2019-12-01T17:59:28.000Z\"},\"nullCount\":{\"alt_id\":0,\"updated\":0,\"dob\":0,\"sex\":0,\"gender\":0,\"first_name\":0,\"last_name\":0,\"street_address\":0,\"city\":0,\"state\":0,\"zip\":0,\"__Timestamp\":0,\"__DeleteVersion\":27,\"__UpsertVersion\":0}}","tags":{"MAX_INSERTION_TIME":"1684480980000000","INSERTION_TIME":"1684480980000000","MIN_INSERTION_TIME":"1684480980000000","OPTIMIZE_TARGET_SIZE":"268435456"}}}
{"add":{"path":"part-00000-a52c4eb9-95f1-4bcc-bb62-b162f4e7c916-c000.snappy.parquet","partitionValues":{},"size":14482,"modificationTime":1684481185000,"dataChange":true,"stats":"{\"numRecords\":73,\"minValues\":{\"alt_id\":\"096d49b07b21d1443ad4a835a87c834f\",\"updated\":\"2019-12-02T05:32:48.000Z\",\"dob\":\"1925-03-01\",\"sex\":\"F\",\"gender\":\"F\",\"first_name\":\"Amanda\",\"last_name\":\"Aguilar\",\"street_address\":\"000 Huber Extension Apt. 632\",\"city\":\"Alhambra\",\"state\":\"CA\",\"zip\":90010,\"__Timestamp\":1684481179574,\"__DeleteVersion\":\"2019-12-08T23:21:36.000Z\",\"__UpsertVersion\":\"2019-12-02T05:32:48.000Z\"},\"maxValues\":{\"alt_id\":\"f77a5f0c87d8c4114be62db6adef9d88�\",\"updated\":\"2019-12-16T16:38:24.000Z\",\"dob\":\"2001-12-20\",\"sex\":\"M\",\"gender\":\"M\",\"first_name\":\"William\",\"last_name\":\"Wright\",\"street_address\":\"993 Smith Mountain Apt. 056\",\"city\":\"Woodland Hills\",\"state\":\"CA\",\"zip\":93560,\"__Timestamp\":1684481179574,\"__DeleteVersion\":\"2019-12-16T16:38:24.000Z\",\"__UpsertVersion\":\"2019-12-16T16:38:24.000Z\"},\"nullCount\":{\"alt_id\":0,\"updated\":0,\"dob\":6,\"sex\":6,\"gender\":6,\"first_name\":6,\"last_name\":6,\"street_address\":6,\"city\":6,\"state\":6,\"zip\":6,\"__Timestamp\":0,\"__DeleteVersion\":67,\"__UpsertVersion\":0}}","tags":{"INSERTION_TIME":"1684481185000000","MIN_INSERTION_TIME":"1684480980000000","MAX_INSERTION_TIME":"1684481185000000","OPTIMIZE_TARGET_SIZE":"268435456"}}}
