{"commitInfo":{"timestamp":1684480975907,"operation":"DELETE","operationParameters":{"predicate":"[\"false\"]"},"readVersion":0,"isolationLevel":"WriteSerializable","isBlindAppend":false,"operationMetrics":{"numRemovedFiles":"0","numRemovedBytes":"0","numCopiedRows":"0","numDeletionVectorsAdded":"0","numDeletionVectorsRemoved":"0","numAddedChangeFiles":"0","executionTimeMs":"252","numDeletedRows":"0","scanTimeMs":"233","numAddedFiles":"0","numAddedBytes":"0","rewriteTimeMs":"0"},"engineInfo":"Databricks-Runtime/dlt:12.2-delta-pipelines-7194109-80beb56-1a59f15-custom-local","txnId":"83b6196a-6b60-4e02-af5b-cae19877da60"}}
