{"protocol":{"minReaderVersion":1,"minWriterVersion":2}}
{"metaData":{"id":"b31096c9-25e8-41f7-8346-3f6bc7d2fbed","format":{"provider":"parquet","options":{}},"schemaString":"{\"type\":\"struct\",\"fields\":[{\"name\":\"user_id\",\"type\":\"string\",\"nullable\":true,\"metadata\":{}},{\"name\":\"user_first_touch_timestamp\",\"type\":\"long\",\"nullable\":true,\"metadata\":{}},{\"name\":\"email\",\"type\":\"string\",\"nullable\":true,\"metadata\":{}},{\"name\":\"updated\",\"type\":\"timestamp\",\"nullable\":true,\"metadata\":{}}]}","partitionColumns":[],"configuration":{},"createdTime":1643401429362}}
{"add":{"path":"part-00000-8424e4d3-5035-49c0-9ec1-c30e5fdcf507-c000.snappy.parquet","partitionValues":{},"size":5209,"modificationTime":1643401430000,"dataChange":true,"stats":"{\"numRecords\":228,\"minValues\":{\"user_id\":\"UA000000107335605\",\"user_first_touch_timestamp\":1593873851950592,\"email\":\"alejandro75@yahoo.com\",\"updated\":\"2022-01-28T20:13:57.012Z\"},\"maxValues\":{\"user_id\":\"UA000000107400013\",\"user_first_touch_timestamp\":1593881093443053,\"email\":\"xjoseph@miller.biz\",\"updated\":\"2022-01-28T20:13:57.012Z\"},\"nullCount\":{\"user_id\":0,\"user_first_touch_timestamp\":0,\"email\":193,\"updated\":0}}","tags":{"INSERTION_TIME":"1643401430000000","OPTIMIZE_TARGET_SIZE":"268435456"}}}
{"add":{"path":"part-00001-d9295c22-52b9-45e1-a819-9c5adcd8b858-c000.snappy.parquet","partitionValues":{},"size":5302,"modificationTime":1643401430000,"dataChange":true,"stats":"{\"numRecords\":237,\"minValues\":{\"user_id\":\"UA000000107355987\",\"user_first_touch_timestamp\":1593876269167805,\"email\":\"aaron0825@yahoo.com\",\"updated\":\"2022-01-28T20:13:57.012Z\"},\"maxValues\":{\"user_id\":\"UA000000107400002\",\"user_first_touch_timestamp\":1593881092028726,\"email\":\"whiteheadashley@murphy.com\",\"updated\":\"2022-01-28T20:13:57.012Z\"},\"nullCount\":{\"user_id\":0,\"user_first_touch_timestamp\":0,\"email\":206,\"updated\":0}}","tags":{"INSERTION_TIME":"1643401430000001","OPTIMIZE_TARGET_SIZE":"268435456"}}}
{"add":{"path":"part-00002-5b100b38-9dc6-4b67-988f-0970ac326508-c000.snappy.parquet","partitionValues":{},"size":5146,"modificationTime":1643401430000,"dataChange":true,"stats":"{\"numRecords\":215,\"minValues\":{\"user_id\":\"UA000000107345540\",\"user_first_touch_timestamp\":1593875054653990,\"email\":\"ajones@morton.com\",\"updated\":\"2022-01-28T20:13:57.012Z\"},\"maxValues\":{\"user_id\":\"UA000000107399985\",\"user_first_touch_timestamp\":1593881088970253,\"email\":\"yellis@moore.com\",\"updated\":\"2022-01-28T20:13:57.012Z\"},\"nullCount\":{\"user_id\":0,\"user_first_touch_timestamp\":0,\"email\":179,\"updated\":0}}","tags":{"INSERTION_TIME":"1643401430000002","OPTIMIZE_TARGET_SIZE":"268435456"}}}
{"add":{"path":"part-00003-1f79be05-521b-4cf9-afbe-970f8aa06345-c000.snappy.parquet","partitionValues":{},"size":5393,"modificationTime":1643401430000,"dataChange":true,"stats":"{\"numRecords\":237,\"minValues\":{\"user_id\":\"UA000000107338110\",\"user_first_touch_timestamp\":1593874163848994,\"email\":\"amandafrazier@hotmail.com\",\"updated\":\"2022-01-28T20:13:57.012Z\"},\"maxValues\":{\"user_id\":\"UA000000107400035\",\"user_first_touch_timestamp\":1593881095770512,\"email\":\"ydavis47@hotmail.com\",\"updated\":\"2022-01-28T20:13:57.012Z\"},\"nullCount\":{\"user_id\":0,\"user_first_touch_timestamp\":0,\"email\":201,\"updated\":0}}","tags":{"INSERTION_TIME":"1643401430000003","OPTIMIZE_TARGET_SIZE":"268435456"}}}
{"commitInfo":{"timestamp":1643401430201,"userId":"7249111304615626","userName":"juno.lee@databricks.com","operation":"CREATE OR REPLACE TABLE AS SELECT","operationParameters":{"isManaged":"true","description":null,"partitionBy":"[]","properties":"{}"},"notebook":{"notebookId":"3102000447582028"},"clusterId":"0128-200635-4psib3qu","isolationLevel":"WriteSerializable","isBlindAppend":false,"operationMetrics":{"numFiles":"4","numOutputRows":"917","numOutputBytes":"21050"},"engineInfo":"Databricks-Runtime/10.2.x-scala2.12"}}
