{"remove":{"path":"part-00000-8424e4d3-5035-49c0-9ec1-c30e5fdcf507-c000.snappy.parquet","deletionTimestamp":1643401624790,"dataChange":false,"extendedFileMetadata":true,"partitionValues":{},"size":5209,"tags":{"INSERTION_TIME":"1643401430000000","OPTIMIZE_TARGET_SIZE":"268435456"}}}
{"remove":{"path":"part-00001-d9295c22-52b9-45e1-a819-9c5adcd8b858-c000.snappy.parquet","deletionTimestamp":1643401624790,"dataChange":false,"extendedFileMetadata":true,"partitionValues":{},"size":5302,"tags":{"INSERTION_TIME":"1643401430000001","OPTIMIZE_TARGET_SIZE":"268435456"}}}
{"remove":{"path":"part-00002-5b100b38-9dc6-4b67-988f-0970ac326508-c000.snappy.parquet","deletionTimestamp":1643401624790,"dataChange":false,"extendedFileMetadata":true,"partitionValues":{},"size":5146,"tags":{"INSERTION_TIME":"1643401430000002","OPTIMIZE_TARGET_SIZE":"268435456"}}}
{"remove":{"path":"part-00003-1f79be05-521b-4cf9-afbe-970f8aa06345-c000.snappy.parquet","deletionTimestamp":1643401624790,"dataChange":false,"extendedFileMetadata":true,"partitionValues":{},"size":5393,"tags":{"INSERTION_TIME":"1643401430000003","OPTIMIZE_TARGET_SIZE":"268435456"}}}
{"add":{"path":"part-00000-cd8a3013-62e4-4876-837b-8bb161a3111d-c000.snappy.parquet","partitionValues":{},"size":15570,"modificationTime":1643401626000,"dataChange":false,"stats":"{\"numRecords\":917,\"minValues\":{\"user_id\":\"UA000000107335605\",\"user_first_touch_timestamp\":1593873851950592,\"email\":\"aaron0825@yahoo.com\",\"updated\":\"2022-01-28T20:13:57.012Z\"},\"maxValues\":{\"user_id\":\"UA000000107400035\",\"user_first_touch_timestamp\":1593881095770512,\"email\":\"yellis@moore.com\",\"updated\":\"2022-01-28T20:13:57.012Z\"},\"nullCount\":{\"user_id\":0,\"user_first_touch_timestamp\":0,\"email\":779,\"updated\":0}}","tags":{"INSERTION_TIME":"1643401430000000","OPTIMIZE_TARGET_SIZE":"268435456"}}}
{"commitInfo":{"timestamp":1643401625846,"userId":"7249111304615626","userName":"juno.lee@databricks.com","operation":"OPTIMIZE","operationParameters":{"predicate":"[]","zOrderBy":"[]","batchId":"0","auto":false},"notebook":{"notebookId":"3102000447582028"},"clusterId":"0128-200635-4psib3qu","readVersion":0,"isolationLevel":"SnapshotIsolation","isBlindAppend":false,"operationMetrics":{"numRemovedFiles":"4","numRemovedBytes":"21050","p25FileSize":"15570","minFileSize":"15570","numAddedFiles":"1","maxFileSize":"15570","p75FileSize":"15570","p50FileSize":"15570","numAddedBytes":"15570"},"engineInfo":"Databricks-Runtime/10.2.x-scala2.12"}}
